Workbook

Sheet Tarif
B2: CCП
B3: Nima? | D3: CCП - biznesingizni balanslashgan ko'rsatkichlar tizimi.
B4: Nima uchun kerak? | D4: 1. Biznesingizni har bir bo'limidagi ishlarni necha foiz muhimlikda ekanligini , har bir bo'limning biznes uchun muhimliligi qanchaligini belgilab berish orqali rejada belgilangan vazifalarni faktda qancha foizi bajarilganligi ko'rib turishingiz mumkin. 2. Rejaning qancha qismi bajarilganligiga qarab har bir bo'limga jamoaviy va har bir xodimga individual bonuslar belgilanadi . 3. Qaysidir bo'lim o'z vazifasini yaxshi bajara olmayotgan bo'lsa , o'sha bo'limni muhimlilik darajasini ko'paytirish orqali shu bo'limni ko'rsatkichlarini yaxshilashga erishish mumkin. Xodimlar rejani bajara olishmasa kamroq bonus olishlarini yoki umuman bonus berilmasligini bilib ishga masuliyat bilan yondashishadi.
B12: Agar foydalanilmasa, qanday muammolar yuzaga kelishi mumkin? | D12: 1. Nima raqamga bog'lanmagan bo'lsa uni yaxshilab bo'lmaydi. 2. Ishxonada reja bajarilmayotganligini sababini bilolmay barcha bo'limlarga bir xil jazo belgilanadi , o'z ishini reja bo'yicha zo'r bajarib qo'yganlar ham birdek jazolanadi, tabiiyki bunda ularni ishga bo'lgan motivatsiyasi tushib ketadi . 3. Qaysi bo'limga qancha jamoaviy bonus , qaysi xodimga qancha individual bonus berish kerakligini bilmaysiz , hammaga bir xilda kam bersangiz rejani bajarganlar keyin ishlagisini kelmay qoladi , hammaga bir xilda ko'proq bersangiz rejani bajarmaganlarni dangasaligini , ishga bo'lgan masuliyatsizligini rag'batlantirgan bo'lasiz , keyinchalik ular sh yana shu tarzda davom etaverishadi.

Sheet ССП
E2: Muddatni tanlang → | F2: Chorak 2
E4: Metrika (ko'rsatkichlar) | G4: SUM | H4: % bajarilish | I4: Muhimligi | J4: Foizlari | K4: Bo'lim foizlari | L4: Bo'lim muhimligi | M4: Natija
C5: Marketing | D5: 1 | E5: Ko'rgan odamlar soni | F5: Reja | G5: {=INDEX(Metrika!G8:GZ532, , MATCH(F2, Metrika!$G$7:$GZ$7, 0))} -> 21000 | H5: =IFERROR(G6/G5,"") -> 0.99761905 | I5: 0.2 | J5: =H5*I5 -> 0.19952381 | K5: =SUM(J5:J10) -> 0.89238095 | L5: 0.2 | M5: =K5*L5 -> 0.17847619 | N5: =SUM(M5:M30) -> 0.73224426
F6: Fakt | G6: 20950
D7: 2 | E7: Qiziqqan odamlar soni | F7: Reja | G7: 4200 | H7: =IFERROR(G8/G7,"") -> 0.91666667 | I7: 0.3 | J7: =H7*I7 -> 0.275
F8: Fakt | G8: 3850
D9: 3 | E9: Tushurilgan yangi lidlar soni | F9: Reja | G9: 840 | H9: =IFERROR(G10/G9,"") -> 0.83571429 | I9: 0.5 | J9: =H9*I9 -> 0.41785714
F10: Fakt | G10: 702
C11: Sotuv | D11: 1 | E11: Qilingan yangi qo'ng'iroqlar soni | F11: Reja | G11: 588 | H11: =IFERROR(G12/G11,"") -> 0.78911565 | I11: 0.2 | J11: =H11*I11 -> 0.15782313 | K11: =SUM(J11:J16) -> 0.72603741 | L11: 0.3 | M11: =K11*L11 -> 0.21781122
F12: Fakt | G12: 464
D13: 2 | E13: Probniyga yangi kelganlar soni | F13: Reja | G13: 420 | H13: =IFERROR(G14/G13,"") -> 0.79285714 | I13: 0.3 | J13: =H13*I13 -> 0.23785714
F14: Fakt | G14: 333
D15: 3 | E15: Qilingan yangi to'lovlar soni | F15: Reja | G15: 168 | H15: =IFERROR(G16/G15,"") -> 0.66071429 | I15: 0.5 | J15: =H15*I15 -> 0.33035714
F16: Fakt | G16: 111
C17: Product | D17: 1 | E17: Konsultatsiya olgan mijozlar soni | F17: Reja | G17: 504 | H17: =IFERROR(G18/G17,"") -> 0.77579365 | I17: 0.2 | J17: =H17*I17 -> 0.15515873 | K17: =SUM(J17:J22) -> 0.58998016 | L17: 0.3 | M17: =K17*L17 -> 0.17699405
F18: Fakt | G18: 391
D19: 2 | E19: O'qiyotgan yangi o'quvchilar soni | F19: Reja | G19: 336 | H19: =IFERROR(G20/G19,"") -> 0.72916667 | I19: 0.3 | J19: =H19*I19 -> 0.21875
F20: Fakt | G20: 245
D21: 3 | E21: Sarafan orqali kelgan mijozlar soni | F21: Reja | G21: 168 | H21: =IFERROR(G22/G21,"") -> 0.7202381 | I21: 0.3 | J21: =H21*I21 -> 0.21607143
F22: Fakt | G22: 121
D23: 4 | E23: O'qiyotgan umumiy o'quvchilar soni | F23: Reja | G23: 600 | H23: =IFERROR(G24/G23,"") -> 0.84666667 | I23: 0.2 | J23: =H23*I23 -> 0.16933333
F24: Fakt | G24: 508
C25: Moliya | D25: 1 | E25: Daromadlar | F25: Reja | G25: 84000000 | H25: =IFERROR(G26/G25,"") -> 0.86190476 | I25: 0.45 | J25: =H25*I25 -> 0.38785714 | K25: =SUM(J25:J30) -> 0.79481399 | L25: 0.2 | M25: =K25*L25 -> 0.1589628
F26: Fakt | G26: 72400000
D27: 2 | E27: Xarajatlar | F27: Reja | G27: 16800000 | H27: =IFERROR(G28/G27,"") -> 0.8452381 | I27: 0.1 | J27: =H27*I27 -> 0.08452381
F28: Fakt | G28: 14200000
D29: 3 | E29: Foyda tushumi | F29: Reja | G29: 67200000 | H29: =IFERROR(G30/G29,"") -> 0.71651786 | I29: 0.45 | J29: =H29*I29 -> 0.32243304
F30: Fakt | G30: 48150000

Sheet Metrika
G2: 3 yillik
G3: SUM | H3: Yillik 1 | BW3: Yillik 2 | EL3: Yillik 3
H4: SUM | I4: Yarim yillik 1 | AP4: Yarim yillik 2 | BW4: SUM | BX4: Yarim yillik 3 | DE4: Yarim yillik 4 | EL4: SUM | EM4: Yarim yillik 5 | FT4: Yarim yillik 6
I5: SUM | J5: Chorak 1 | Z5: Chorak 2 | AP5: SUM | AQ5: Chorak 3 | BG5: Chorak 4 | BX5: SUM | BY5: Chorak 5 | CO5: Chorak 6 | DE5: SUM | DF5: Chorak 7 | DV5: Chorak 8 | EM5: SUM | EN5: Chorak 9 | FD5: Chorak 10 | FT5: SUM | FU5: Chorak 11 | GK5: Chorak 12
J6: SUM | K6: Oy 1 | P6: Oy 2 | U6: Oy 3 | Z6: SUM | AA6: Oy 4 | AF6: Oy 5 | AK6: Oy 6 | AQ6: SUM | AR6: Oy 7 | AW6: Oy 8 | BB6: Oy 9 | BG6: SUM | BH6: Oy 10 | BM6: Oy 11 | BR6: Oy 12 | BY6: SUM | BZ6: Oy 13 | CE6: Oy 14 | CJ6: Oy 15 | CO6: SUM | CP6: Oy 16 | CU6: Oy 17 | CZ6: Oy 18 | DF6: SUM | DG6: Oy 19 | DL6: Oy 20 | DQ6: Oy 21 | DV6: SUM | DW6: Oy 22 | EB6: Oy 23 | EG6: Oy 24 | EN6: SUM | EO6: Oy 25 | ET6: Oy 26 | EY6: Oy 27 | FD6: SUM | FE6: Oy 28 | FJ6: Oy 29 | FO6: Oy 30 | FU6: SUM | FV6: Oy 31 | GA6: Oy 32 | GF6: Oy 33 | GK6: SUM | GL6: Oy 34 | GQ6: Oy 35 | GV6: Oy 36
D7: Metrika (ko'rsatkichlar) | G7: 3 yillik | H7: Yillik 1 | I7: Yarim yillik 1 | J7: Chorak 1 | K7: Oy 1 | L7: Hafta 1 | M7: Hafta 2 | N7: Hafta 3 | O7: Hafta 4 | P7: Oy 2 | Q7: Hafta 5 | R7: Hafta 6 | S7: Hafta 7 | T7: Hafta 8 | U7: Oy 3 | V7: Hafta 9 | W7: Hafta 10 | X7: Hafta 11 | Y7: Hafta 12 | Z7: Chorak 2 | AA7: Oy 4 | AB7: Hafta 13 | AC7: Hafta 14 | AD7: Hafta 15 | AE7: Hafta 16 | AF7: Oy 5 | AG7: Hafta 17 | AH7: Hafta 18 | AI7: Hafta 19 | AJ7: Hafta 20 | AK7: Oy 6 | AL7: Hafta 21 | AM7: Hafta 22 | AN7: Hafta 23 | AO7: Hafta 24 | AP7: Yarim yillik 2 | AQ7: Chorak 3 | AR7: Oy 7 | AS7: Hafta 25 | AT7: Hafta 26 | AU7: Hafta 27 | AV7: Hafta 28 | AW7: Oy 8 | AX7: Hafta 29 | AY7: Hafta 30 | AZ7: Hafta 31 | BA7: Hafta 32 | BB7: Oy 9 | BC7: Hafta 33 | BD7: Hafta 34 | BE7: Hafta 35 | BF7: Hafta 36 | BG7: Chorak 4 | BH7: Oy 10 | BI7: Hafta 37 | BJ7: Hafta 38 | BK7: Hafta 39 | BL7: Hafta 40 | BM7: Oy 11 | BN7: Hafta 41 | BO7: Hafta 42 | BP7: Hafta 43 | BQ7: Hafta 44 | BR7: Oy 12 | BS7: Hafta 45 | BT7: Hafta 46 | BU7: Hafta 47 | BV7: Hafta 48 | BW7: Yillik 2 | BX7: Yarim yillik 3 | BY7: Chorak 5 | BZ7: Oy 13 | CA7: Hafta 49 | CB7: Hafta 50 | CC7: Hafta 51 | CD7: Hafta 52 | CE7: Oy 14 | CF7: Hafta 53 | CG7: Hafta 54 | CH7: Hafta 55 | CI7: Hafta 56 | CJ7: Oy 15 | CK7: Hafta 57 | CL7: Hafta 58 | CM7: Hafta 59 | CN7: Hafta 60 | CO7: Chorak 6 | CP7: Oy 16 | CQ7: Hafta 61 | CR7: Hafta 62 | CS7: Hafta 63 | CT7: Hafta 64 | CU7: Oy 17 | CV7: Hafta 65 | CW7: Hafta 66 | CX7: Hafta 67 | CY7: Hafta 68 | CZ7: Oy 18 | DA7: Hafta 69 | DB7: Hafta 70 | DC7: Hafta 71 | DD7: Hafta 72 | DE7: Yarim yillik 4 | DF7: Chorak 7 | DG7: Oy 19 | DH7: Hafta 73 | DI7: Hafta 74 | DJ7: Hafta 75 | DK7: Hafta 76 | DL7: Oy 20 | DM7: Hafta 77 | DN7: Hafta 78 | DO7: Hafta 79 | DP7: Hafta 80 | DQ7: Oy 21 | DR7: Hafta 81 | DS7: Hafta 82 | DT7: Hafta 83 | DU7: Hafta 84 | DV7: Chorak 8 | DW7: Oy 22 | DX7: Hafta 85 | DY7: Hafta 86 | DZ7: Hafta 87 | EA7: Hafta 88 | EB7: Oy 23 | EC7: Hafta 89 | ED7: Hafta 90 | EE7: Hafta 91 | EF7: Hafta 92 | EG7: Oy 24 | EH7: Hafta 93 | EI7: Hafta 94 | EJ7: Hafta 95 | EK7: Hafta 96 | EL7: Yillik 3 | EM7: Yarim yillik 5 | EN7: Chorak 9 | EO7: Oy 25 | EP7: Hafta 97 | EQ7: Hafta 98 | ER7: Hafta 99 | ES7: Hafta 100 | ET7: Oy 26 | EU7: Hafta 101 | EV7: Hafta 102 | EW7: Hafta 103 | EX7: Hafta 104 | EY7: Oy 27 | EZ7: Hafta 105 | FA7: Hafta 106 | FB7: Hafta 107 | FC7: Hafta 108 | FD7: Chorak 10 | FE7: Oy 28 | FF7: Hafta 109 | FG7: Hafta 110 | FH7: Hafta 111 | FI7: Hafta 112 | FJ7: Oy 29 | FK7: Hafta 113 | FL7: Hafta 114 | FM7: Hafta 115 | FN7: Hafta 116 | FO7: Oy 30 | FP7: Hafta 117 | FQ7: Hafta 118 | FR7: Hafta 119 | FS7: Hafta 120 | FT7: Yarim yillik 6 | FU7: Chorak 11 | FV7: Oy 31 | FW7: Hafta 121 | FX7: Hafta 122 | FY7: Hafta 123 | FZ7: Hafta 124 | GA7: Oy 32 | GB7: Hafta 125 | GC7: Hafta 126 | GD7: Hafta 127 | GE7: Hafta 128 | GF7: Oy 33 | GG7: Hafta 129 | GH7: Hafta 130 | GI7: Hafta 131 | GJ7: Hafta 132 | GK7: Chorak 12 | GL7: Oy 34 | GM7: Hafta 133 | GN7: Hafta 134 | GO7: Hafta 135 | GP7: Hafta 136 | GQ7: Oy 35 | GR7: Hafta 137 | GS7: Hafta 138 | GT7: Hafta 139 | GU7: Hafta 140 | GV7: Oy 36 | GW7: Hafta 141 | GX7: Hafta 142 | GY7: Hafta 143 | GZ7: Hafta 144
B8: Marketing | C8: 1 | D8: Ko'rgan odamlar soni | E8: Reja | G8: =SUM(H8:GZ8)/5 -> 252000 | H8: =SUM(I8:BV8)/4 -> 84000 | I8: =SUM(J8:AO8)/3 -> 42000 | J8: =SUM(K8:Y8)/2 -> 21000 | K8: =SUM(L8:O8) -> 7000 | L8: 1750 | M8: 1750 | N8: 1750 | O8: 1750 | P8: =SUM(Q8:T8) -> 7000 | Q8: 1750 | R8: 1750 | S8: 1750 | T8: 1750 | U8: =SUM(V8:Y8) -> 7000 | V8: 1750 | W8: 1750 | X8: 1750 | Y8: 1750 | Z8: =SUM(AA8:AO8)/2 -> 21000 | AA8: =SUM(AB8:AE8) -> 7000 | AB8: 1750 | AC8: 1750 | AD8: 1750 | AE8: 1750 | AF8: =SUM(AG8:AJ8) -> 7000 | AG8: 1750 | AH8: 1750 | AI8: 1750 | AJ8: 1750 | AK8: =SUM(AL8:AO8) -> 7000 | AL8: 1750 | AM8: 1750 | AN8: 1750 | AO8: 1750 | AP8: =SUM(AQ8:BV8)/3 -> 42000 | AQ8: =SUM(AR8:BF8)/2 -> 21000 | AR8: =SUM(AS8:AV8) -> 7000 | AS8: 1750 | AT8: 1750 | AU8: 1750 | AV8: 1750 | AW8: =SUM(AX8:BA8) -> 7000 | AX8: 1750 | AY8: 1750 | AZ8: 1750 | BA8: 1750 | BB8: =SUM(BC8:BF8) -> 7000 | BC8: 1750 | BD8: 1750 | BE8: 1750 | BF8: 1750 | BG8: =SUM(BH8:BV8)/2 -> 21000 | BH8: =SUM(BI8:BL8) -> 7000 | BI8: 1750 | BJ8: 1750 | BK8: 1750 | BL8: 1750 | BM8: =SUM(BN8:BQ8) -> 7000 | BN8: 1750 | BO8: 1750 | BP8: 1750 | BQ8: 1750 | BR8: =SUM(BS8:BV8) -> 7000 | BS8: 1750 | BT8: 1750 | BU8: 1750 | BV8: 1750 | BW8: =SUM(BX8:EK8)/4 -> 84000 | BX8: =SUM(BY8:DD8)/3 -> 42000 | BY8: =SUM(BZ8:CN8)/2 -> 21000 | BZ8: =SUM(CA8:CD8) -> 7000 | CA8: 1750 | CB8: 1750 | CC8: 1750 | CD8: 1750 | CE8: =SUM(CF8:CI8) -> 7000 | CF8: 1750 | CG8: 1750 | CH8: 1750 | CI8: 1750 | CJ8: =SUM(CK8:CN8) -> 7000 | CK8: 1750 | CL8: 1750 | CM8: 1750 | CN8: 1750 | CO8: =SUM(CP8:DD8)/2 -> 21000 | CP8: =SUM(CQ8:CT8) -> 7000 | CQ8: 1750 | CR8: 1750 | CS8: 1750 | CT8: 1750 | CU8: =SUM(CV8:CY8) -> 7000 | CV8: 1750 | CW8: 1750 | CX8: 1750 | CY8: 1750 | CZ8: =SUM(DA8:DD8) -> 7000 | DA8: 1750 | DB8: 1750 | DC8: 1750 | DD8: 1750 | DE8: =SUM(DF8:EK8)/3 -> 42000 | DF8: =SUM(DG8:DU8)/2 -> 21000 | DG8: =SUM(DH8:DK8) -> 7000 | DH8: 1750 | DI8: 1750 | DJ8: 1750 | DK8: 1750 | DL8: =SUM(DM8:DP8) -> 7000 | DM8: 1750 | DN8: 1750 | DO8: 1750 | DP8: 1750 | DQ8: =SUM(DR8:DU8) -> 7000 | DR8: 1750 | DS8: 1750 | DT8: 1750 | DU8: 1750 | DV8: =SUM(DW8:EK8)/2 -> 21000 | DW8: =SUM(DX8:EA8) -> 7000 | DX8: 1750 | DY8: 1750 | DZ8: 1750 | EA8: 1750 | EB8: =SUM(EC8:EF8) -> 7000 | EC8: 1750 | ED8: 1750 | EE8: 1750 | EF8: 1750 | EG8: =SUM(EH8:EK8) -> 7000 | EH8: 1750 | EI8: 1750 | EJ8: 1750 | EK8: 1750 | EL8: =SUM(EM8:GZ8)/4 -> 84000 | EM8: =SUM(EN8:FS8)/3 -> 42000 | EN8: =SUM(EO8:FC8)/2 -> 21000 | EO8: =SUM(EP8:ES8) -> 7000 | EP8: 1750 | EQ8: 1750 | ER8: 1750 | ES8: 1750 | ET8: =SUM(EU8:EX8) -> 7000 | EU8: 1750 | EV8: 1750 | EW8: 1750 | EX8: 1750 | EY8: =SUM(EZ8:FC8) -> 7000 | EZ8: 1750 | FA8: 1750 | FB8: 1750 | FC8: 1750 | FD8: =SUM(FE8:FS8)/2 -> 21000 | FE8: =SUM(FF8:FI8) -> 7000 | FF8: 1750 | FG8: 1750 | FH8: 1750 | FI8: 1750 | FJ8: =SUM(FK8:FN8) -> 7000 | FK8: 1750 | FL8: 1750 | FM8: 1750 | FN8: 1750 | FO8: =SUM(FP8:FS8) -> 7000 | FP8: 1750 | FQ8: 1750 | FR8: 1750 | FS8: 1750 | FT8: =SUM(FU8:GZ8)/3 -> 42000 | FU8: =SUM(FV8:GJ8)/2 -> 21000 | FV8: =SUM(FW8:FZ8) -> 7000 | FW8: 1750 | FX8: 1750 | FY8: 1750 | FZ8: 1750 | GA8: =SUM(GB8:GE8) -> 7000 | GB8: 1750 | GC8: 1750 | GD8: 1750 | GE8: 1750 | GF8: =SUM(GG8:GJ8) -> 7000 | GG8: 1750 | GH8: 1750 | GI8: 1750 | GJ8: 1750 | GK8: =SUM(GL8:GZ8)/2 -> 21000 | GL8: =SUM(GM8:GP8) -> 7000 | GM8: 1750 | GN8: 1750 | GO8: 1750 | GP8: 1750 | GQ8: =SUM(GR8:GU8) -> 7000 | GR8: 1750 | GS8: 1750 | GT8: 1750 | GU8: 1750 | GV8: =SUM(GW8:GZ8) -> 7000 | GW8: 1750 | GX8: 1750 | GY8: 1750 | GZ8: 1750
E9: Fakt | G9: =SUM(H9:GZ9)/5 -> 251940 | H9: =SUM(I9:BV9)/4 -> 83980 | I9: =SUM(J9:AO9)/3 -> 41990 | J9: =SUM(K9:Y9)/2 -> 21040 | K9: =SUM(L9:O9) -> 6950 | L9: 1700 | M9: 1740 | N9: 1760 | O9: 1750 | P9: =SUM(Q9:T9) -> 7010 | Q9: 1800 | R9: 1780 | S9: 1700 | T9: 1730 | U9: =SUM(V9:Y9) -> 7080 | V9: 1770 | W9: 1810 | X9: 1800 | Y9: 1700 | Z9: =SUM(AA9:AO9)/2 -> 20950 | AA9: =SUM(AB9:AE9) -> 7040 | AB9: 1740 | AC9: 1750 | AD9: 1770 | AE9: 1780 | AF9: =SUM(AG9:AJ9) -> 6900 | AG9: 1700 | AH9: 1710 | AI9: 1730 | AJ9: 1760 | AK9: =SUM(AL9:AO9) -> 7010 | AL9: 1740 | AM9: 1770 | AN9: 1720 | AO9: 1780 | AP9: =SUM(AQ9:BV9)/3 -> 41990 | AQ9: =SUM(AR9:BF9)/2 -> 20950 | AR9: =SUM(AS9:AV9) -> 7010 | AS9: 1740 | AT9: 1770 | AU9: 1720 | AV9: 1780 | AW9: =SUM(AX9:BA9) -> 7040 | AX9: 1740 | AY9: 1750 | AZ9: 1770 | BA9: 1780 | BB9: =SUM(BC9:BF9) -> 6900 | BC9: 1700 | BD9: 1710 | BE9: 1730 | BF9: 1760 | BG9: =SUM(BH9:BV9)/2 -> 21040 | BH9: =SUM(BI9:BL9) -> 7010 | BI9: 1800 | BJ9: 1780 | BK9: 1700 | BL9: 1730 | BM9: =SUM(BN9:BQ9) -> 7080 | BN9: 1770 | BO9: 1810 | BP9: 1800 | BQ9: 1700 | BR9: =SUM(BS9:BV9) -> 6950 | BS9: 1700 | BT9: 1740 | BU9: 1760 | BV9: 1750 | BW9: =SUM(BX9:EK9)/4 -> 83980 | BX9: =SUM(BY9:DD9)/3 -> 41990 | BY9: =SUM(BZ9:CN9)/2 -> 20950 | BZ9: =SUM(CA9:CD9) -> 6900 | CA9: 1700 | CB9: 1710 | CC9: 1730 | CD9: 1760 | CE9: =SUM(CF9:CI9) -> 7010 | CF9: 1740 | CG9: 1770 | CH9: 1720 | CI9: 1780 | CJ9: =SUM(CK9:CN9) -> 7040 | CK9: 1740 | CL9: 1750 | CM9: 1770 | CN9: 1780 | CO9: =SUM(CP9:DD9)/2 -> 21040 | CP9: =SUM(CQ9:CT9) -> 6950 | CQ9: 1700 | CR9: 1740 | CS9: 1760 | CT9: 1750 | CU9: =SUM(CV9:CY9) -> 7010 | CV9: 1800 | CW9: 1780 | CX9: 1700 | CY9: 1730 | CZ9: =SUM(DA9:DD9) -> 7080 | DA9: 1770 | DB9: 1810 | DC9: 1800 | DD9: 1700 | DE9: =SUM(DF9:EK9)/3 -> 41990 | DF9: =SUM(DG9:DU9)/2 -> 21040 | DG9: =SUM(DH9:DK9) -> 7080 | DH9: 1770 | DI9: 1810 | DJ9: 1800 | DK9: 1700 | DL9: =SUM(DM9:DP9) -> 6950 | DM9: 1700 | DN9: 1740 | DO9: 1760 | DP9: 1750 | DQ9: =SUM(DR9:DU9) -> 7010 | DR9: 1800 | DS9: 1780 | DT9: 1700 | DU9: 1730 | DV9: =SUM(DW9:EK9)/2 -> 20950 | DW9: =SUM(DX9:EA9) -> 7010 | DX9: 1740 | DY9: 1770 | DZ9: 1720 | EA9: 1780 | EB9: =SUM(EC9:EF9) -> 6900 | EC9: 1700 | ED9: 1710 | EE9: 1730 | EF9: 1760 | EG9: =SUM(EH9:EK9) -> 7040 | EH9: 1740 | EI9: 1750 | EJ9: 1770 | EK9: 1780 | EL9: =SUM(EM9:GZ9)/4 -> 83980 | EM9: =SUM(EN9:FS9)/3 -> 41990 | EN9: =SUM(EO9:FC9)/2 -> 20950 | EO9: =SUM(EP9:ES9) -> 6900 | EP9: 1700 | EQ9: 1710 | ER9: 1730 | ES9: 1760 | ET9: =SUM(EU9:EX9) -> 7040 | EU9: 1740 | EV9: 1750 | EW9: 1770 | EX9: 1780 | EY9: =SUM(EZ9:FC9) -> 7010 | EZ9: 1740 | FA9: 1770 | FB9: 1720 | FC9: 1780 | FD9: =SUM(FE9:FS9)/2 -> 21040 | FE9: =SUM(FF9:FI9) -> 6950 | FF9: 1700 | FG9: 1740 | FH9: 1760 | FI9: 1750 | FJ9: =SUM(FK9:FN9) -> 7010 | FK9: 1800 | FL9: 1780 | FM9: 1700 | FN9: 1730 | FO9: =SUM(FP9:FS9) -> 7080 | FP9: 1770 | FQ9: 1810 | FR9: 1800 | FS9: 1700 | FT9: =SUM(FU9:GZ9)/3 -> 41990 | FU9: =SUM(FV9:GJ9)/2 -> 21040 | FV9: =SUM(FW9:FZ9) -> 7080 | FW9: 1770 | FX9: 1810 | FY9: 1800 | FZ9: 1700 | GA9: =SUM(GB9:GE9) -> 6950 | GB9: 1700 | GC9: 1740 | GD9: 1760 | GE9: 1750 | GF9: =SUM(GG9:GJ9) -> 7010 | GG9: 1800 | GH9: 1780 | GI9: 1700 | GJ9: 1730 | GK9: =SUM(GL9:GZ9)/2 -> 20950 | GL9: =SUM(GM9:GP9) -> 7040 | GM9: 1740 | GN9: 1750 | GO9: 1770 | GP9: 1780 | GQ9: =SUM(GR9:GU9) -> 6900 | GR9: 1700 | GS9: 1710 | GT9: 1730 | GU9: 1760 | GV9: =SUM(GW9:GZ9) -> 7010 | GW9: 1740 | GX9: 1770 | GY9: 1720 | GZ9: 1780
C10: 2 | D10: Qiziqqan odamlar soni | E10: Reja | G10: =SUM(H10:GZ10)/5 -> 50400 | H10: =SUM(I10:BV10)/4 -> 16800 | I10: =SUM(J10:AO10)/3 -> 8400 | J10: =SUM(K10:Y10)/2 -> 4200 | K10: =SUM(L10:O10) -> 1400 | L10: 350 | M10: 350 | N10: 350 | O10: 350 | P10: =SUM(Q10:T10) -> 1400 | Q10: 350 | R10: 350 | S10: 350 | T10: 350 | U10: =SUM(V10:Y10) -> 1400 | V10: 350 | W10: 350 | X10: 350 | Y10: 350 | Z10: =SUM(AA10:AO10)/2 -> 4200 | AA10: =SUM(AB10:AE10) -> 1400 | AB10: 350 | AC10: 350 | AD10: 350 | AE10: 350 | AF10: =SUM(AG10:AJ10) -> 1400 | AG10: 350 | AH10: 350 | AI10: 350 | AJ10: 350 | AK10: =SUM(AL10:AO10) -> 1400 | AL10: 350 | AM10: 350 | AN10: 350 | AO10: 350 | AP10: =SUM(AQ10:BV10)/3 -> 8400 | AQ10: =SUM(AR10:BF10)/2 -> 4200 | AR10: =SUM(AS10:AV10) -> 1400 | AS10: 350 | AT10: 350 | AU10: 350 | AV10: 350 | AW10: =SUM(AX10:BA10) -> 1400 | AX10: 350 | AY10: 350 | AZ10: 350 | BA10: 350 | BB10: =SUM(BC10:BF10) -> 1400 | BC10: 350 | BD10: 350 | BE10: 350 | BF10: 350 | BG10: =SUM(BH10:BV10)/2 -> 4200 | BH10: =SUM(BI10:BL10) -> 1400 | BI10: 350 | BJ10: 350 | BK10: 350 | BL10: 350 | BM10: =SUM(BN10:BQ10) -> 1400 | BN10: 350 | BO10: 350 | BP10: 350 | BQ10: 350 | BR10: =SUM(BS10:BV10) -> 1400 | BS10: 350 | BT10: 350 | BU10: 350 | BV10: 350 | BW10: =SUM(BX10:EK10)/4 -> 16800 | BX10: =SUM(BY10:DD10)/3 -> 8400 | BY10: =SUM(BZ10:CN10)/2 -> 4200 | BZ10: =SUM(CA10:CD10) -> 1400 | CA10: 350 | CB10: 350 | CC10: 350 | CD10: 350 | CE10: =SUM(CF10:CI10) -> 1400 | CF10: 350 | CG10: 350 | CH10: 350 | CI10: 350 | CJ10: =SUM(CK10:CN10) -> 1400 | CK10: 350 | CL10: 350 | CM10: 350 | CN10: 350 | CO10: =SUM(CP10:DD10)/2 -> 4200 | CP10: =SUM(CQ10:CT10) -> 1400 | CQ10: 350 | CR10: 350 | CS10: 350 | CT10: 350 | CU10: =SUM(CV10:CY10) -> 1400 | CV10: 350 | CW10: 350 | CX10: 350 | CY10: 350 | CZ10: =SUM(DA10:DD10) -> 1400 | DA10: 350 | DB10: 350 | DC10: 350 | DD10: 350 | DE10: =SUM(DF10:EK10)/3 -> 8400 | DF10: =SUM(DG10:DU10)/2 -> 4200 | DG10: =SUM(DH10:DK10) -> 1400 | DH10: 350 | DI10: 350 | DJ10: 350 | DK10: 350 | DL10: =SUM(DM10:DP10) -> 1400 | DM10: 350 | DN10: 350 | DO10: 350 | DP10: 350 | DQ10: =SUM(DR10:DU10) -> 1400 | DR10: 350 | DS10: 350 | DT10: 350 | DU10: 350 | DV10: =SUM(DW10:EK10)/2 -> 4200 | DW10: =SUM(DX10:EA10) -> 1400 | DX10: 350 | DY10: 350 | DZ10: 350 | EA10: 350 | EB10: =SUM(EC10:EF10) -> 1400 | EC10: 350 | ED10: 350 | EE10: 350 | EF10: 350 | EG10: =SUM(EH10:EK10) -> 1400 | EH10: 350 | EI10: 350 | EJ10: 350 | EK10: 350 | EL10: =SUM(EM10:GZ10)/4 -> 16800 | EM10: =SUM(EN10:FS10)/3 -> 8400 | EN10: =SUM(EO10:FC10)/2 -> 4200 | EO10: =SUM(EP10:ES10) -> 1400 | EP10: 350 | EQ10: 350 | ER10: 350 | ES10: 350 | ET10: =SUM(EU10:EX10) -> 1400 | EU10: 350 | EV10: 350 | EW10: 350 | EX10: 350 | EY10: =SUM(EZ10:FC10) -> 1400 | EZ10: 350 | FA10: 350 | FB10: 350 | FC10: 350 | FD10: =SUM(FE10:FS10)/2 -> 4200 | FE10: =SUM(FF10:FI10) -> 1400 | FF10: 350 | FG10: 350 | FH10: 350 | FI10: 350 | FJ10: =SUM(FK10:FN10) -> 1400 | FK10: 350 | FL10: 350 | FM10: 350 | FN10: 350 | FO10: =SUM(FP10:FS10) -> 1400 | FP10: 350 | FQ10: 350 | FR10: 350 | FS10: 350 | FT10: =SUM(FU10:GZ10)/3 -> 8400 | FU10: =SUM(FV10:GJ10)/2 -> 4200 | FV10: =SUM(FW10:FZ10) -> 1400 | FW10: 350 | FX10: 350 | FY10: 350 | FZ10: 350 | GA10: =SUM(GB10:GE10) -> 1400 | GB10: 350 | GC10: 350 | GD10: 350 | GE10: 350 | GF10: =SUM(GG10:GJ10) -> 1400 | GG10: 350 | GH10: 350 | GI10: 350 | GJ10: 350 | GK10: =SUM(GL10:GZ10)/2 -> 4200 | GL10: =SUM(GM10:GP10) -> 1400 | GM10: 350 | GN10: 350 | GO10: 350 | GP10: 350 | GQ10: =SUM(GR10:GU10) -> 1400 | GR10: 350 | GS10: 350 | GT10: 350 | GU10: 350 | GV10: =SUM(GW10:GZ10) -> 1400 | GW10: 350 | GX10: 350 | GY10: 350 | GZ10: 350
E11: Fakt | G11: =SUM(H11:GZ11)/5 -> 48312 | H11: =SUM(I11:BV11)/4 -> 16104 | I11: =SUM(J11:AO11)/3 -> 8052 | J11: =SUM(K11:Y11)/2 -> 4202 | K11: =SUM(L11:O11) -> 1385 | L11: 330 | M11: 345 | N11: 360 | O11: 350 | P11: =SUM(Q11:T11) -> 1400 | Q11: 355 | R11: 360 | S11: 340 | T11: 345 | U11: =SUM(V11:Y11) -> 1417 | V11: 352 | W11: 365 | X11: 355 | Y11: 345 | Z11: =SUM(AA11:AO11)/2 -> 3850 | AA11: =SUM(AB11:AE11) -> 1310 | AB11: 330 | AC11: 335 | AD11: 320 | AE11: 325 | AF11: =SUM(AG11:AJ11) -> 1230 | AG11: 300 | AH11: 310 | AI11: 305 | AJ11: 315 | AK11: =SUM(AL11:AO11) -> 1310 | AL11: 320 | AM11: 325 | AN11: 330 | AO11: 335 | AP11: =SUM(AQ11:BV11)/3 -> 8052 | AQ11: =SUM(AR11:BF11)/2 -> 3850 | AR11: =SUM(AS11:AV11) -> 1310 | AS11: 320 | AT11: 325 | AU11: 330 | AV11: 335 | AW11: =SUM(AX11:BA11) -> 1310 | AX11: 330 | AY11: 335 | AZ11: 320 | BA11: 325 | BB11: =SUM(BC11:BF11) -> 1230 | BC11: 300 | BD11: 310 | BE11: 305 | BF11: 315 | BG11: =SUM(BH11:BV11)/2 -> 4202 | BH11: =SUM(BI11:BL11) -> 1400 | BI11: 355 | BJ11: 360 | BK11: 340 | BL11: 345 | BM11: =SUM(BN11:BQ11) -> 1417 | BN11: 352 | BO11: 365 | BP11: 355 | BQ11: 345 | BR11: =SUM(BS11:BV11) -> 1385 | BS11: 330 | BT11: 345 | BU11: 360 | BV11: 350 | BW11: =SUM(BX11:EK11)/4 -> 16104 | BX11: =SUM(BY11:DD11)/3 -> 8052 | BY11: =SUM(BZ11:CN11)/2 -> 3850 | BZ11: =SUM(CA11:CD11) -> 1230 | CA11: 300 | CB11: 310 | CC11: 305 | CD11: 315 | CE11: =SUM(CF11:CI11) -> 1310 | CF11: 320 | CG11: 325 | CH11: 330 | CI11: 335 | CJ11: =SUM(CK11:CN11) -> 1310 | CK11: 330 | CL11: 335 | CM11: 320 | CN11: 325 | CO11: =SUM(CP11:DD11)/2 -> 4202 | CP11: =SUM(CQ11:CT11) -> 1385 | CQ11: 330 | CR11: 345 | CS11: 360 | CT11: 350 | CU11: =SUM(CV11:CY11) -> 1400 | CV11: 355 | CW11: 360 | CX11: 340 | CY11: 345 | CZ11: =SUM(DA11:DD11) -> 1417 | DA11: 352 | DB11: 365 | DC11: 355 | DD11: 345 | DE11: =SUM(DF11:EK11)/3 -> 8052 | DF11: =SUM(DG11:DU11)/2 -> 4202 | DG11: =SUM(DH11:DK11) -> 1417 | DH11: 352 | DI11: 365 | DJ11: 355 | DK11: 345 | DL11: =SUM(DM11:DP11) -> 1385 | DM11: 330 | DN11: 345 | DO11: 360 | DP11: 350 | DQ11: =SUM(DR11:DU11) -> 1400 | DR11: 355 | DS11: 360 | DT11: 340 | DU11: 345 | DV11: =SUM(DW11:EK11)/2 -> 3850 | DW11: =SUM(DX11:EA11) -> 1310 | DX11: 320 | DY11: 325 | DZ11: 330 | EA11: 335 | EB11: =SUM(EC11:EF11) -> 1230 | EC11: 300 | ED11: 310 | EE11: 305 | EF11: 315 | EG11: =SUM(EH11:EK11) -> 1310 | EH11: 330 | EI11: 335 | EJ11: 320 | EK11: 325 | EL11: =SUM(EM11:GZ11)/4 -> 16104 | EM11: =SUM(EN11:FS11)/3 -> 8052 | EN11: =SUM(EO11:FC11)/2 -> 3850 | EO11: =SUM(EP11:ES11) -> 1230 | EP11: 300 | EQ11: 310 | ER11: 305 | ES11: 315 | ET11: =SUM(EU11:EX11) -> 1310 | EU11: 330 | EV11: 335 | EW11: 320 | EX11: 325 | EY11: =SUM(EZ11:FC11) -> 1310 | EZ11: 320 | FA11: 325 | FB11: 330 | FC11: 335 | FD11: =SUM(FE11:FS11)/2 -> 4202 | FE11: =SUM(FF11:FI11) -> 1385 | FF11: 330 | FG11: 345 | FH11: 360 | FI11: 350 | FJ11: =SUM(FK11:FN11) -> 1400 | FK11: 355 | FL11: 360 | FM11: 340 | FN11: 345 | FO11: =SUM(FP11:FS11) -> 1417 | FP11: 352 | FQ11: 365 | FR11: 355 | FS11: 345 | FT11: =SUM(FU11:GZ11)/3 -> 8052 | FU11: =SUM(FV11:GJ11)/2 -> 4202 | FV11: =SUM(FW11:FZ11) -> 1417 | FW11: 352 | FX11: 365 | FY11: 355 | FZ11: 345 | GA11: =SUM(GB11:GE11) -> 1385 | GB11: 330 | GC11: 345 | GD11: 360 | GE11: 350 | GF11: =SUM(GG11:GJ11) -> 1400 | GG11: 355 | GH11: 360 | GI11: 340 | GJ11: 345 | GK11: =SUM(GL11:GZ11)/2 -> 3850 | GL11: =SUM(GM11:GP11) -> 1310 | GM11: 330 | GN11: 335 | GO11: 320 | GP11: 325 | GQ11: =SUM(GR11:GU11) -> 1230 | GR11: 300 | GS11: 310 | GT11: 305 | GU11: 315 | GV11: =SUM(GW11:GZ11) -> 1310 | GW11: 320 | GX11: 325 | GY11: 330 | GZ11: 335
C12: 3 | D12: Tushurilgan yangi lidlar soni | E12: Reja | G12: =SUM(H12:GZ12)/5 -> 10080 | H12: =SUM(I12:BV12)/4 -> 3360 | I12: =SUM(J12:AO12)/3 -> 1680 | J12: =SUM(K12:Y12)/2 -> 840 | K12: =SUM(L12:O12) -> 280 | L12: 70 | M12: 70 | N12: 70 | O12: 70 | P12: =SUM(Q12:T12) -> 280 | Q12: 70 | R12: 70 | S12: 70 | T12: 70 | U12: =SUM(V12:Y12) -> 280 | V12: 70 | W12: 70 | X12: 70 | Y12: 70 | Z12: =SUM(AA12:AO12)/2 -> 840 | AA12: =SUM(AB12:AE12) -> 280 | AB12: 70 | AC12: 70 | AD12: 70 | AE12: 70 | AF12: =SUM(AG12:AJ12) -> 280 | AG12: 70 | AH12: 70 | AI12: 70 | AJ12: 70 | AK12: =SUM(AL12:AO12) -> 280 | AL12: 70 | AM12: 70 | AN12: 70 | AO12: 70 | AP12: =SUM(AQ12:BV12)/3 -> 1680 | AQ12: =SUM(AR12:BF12)/2 -> 840 | AR12: =SUM(AS12:AV12) -> 280 | AS12: 70 | AT12: 70 | AU12: 70 | AV12: 70 | AW12: =SUM(AX12:BA12) -> 280 | AX12: 70 | AY12: 70 | AZ12: 70 | BA12: 70 | BB12: =SUM(BC12:BF12) -> 280 | BC12: 70 | BD12: 70 | BE12: 70 | BF12: 70 | BG12: =SUM(BH12:BV12)/2 -> 840 | BH12: =SUM(BI12:BL12) -> 280 | BI12: 70 | BJ12: 70 | BK12: 70 | BL12: 70 | BM12: =SUM(BN12:BQ12) -> 280 | BN12: 70 | BO12: 70 | BP12: 70 | BQ12: 70 | BR12: =SUM(BS12:BV12) -> 280 | BS12: 70 | BT12: 70 | BU12: 70 | BV12: 70 | BW12: =SUM(BX12:EK12)/4 -> 3360 | BX12: =SUM(BY12:DD12)/3 -> 1680 | BY12: =SUM(BZ12:CN12)/2 -> 840 | BZ12: =SUM(CA12:CD12) -> 280 | CA12: 70 | CB12: 70 | CC12: 70 | CD12: 70 | CE12: =SUM(CF12:CI12) -> 280 | CF12: 70 | CG12: 70 | CH12: 70 | CI12: 70 | CJ12: =SUM(CK12:CN12) -> 280 | CK12: 70 | CL12: 70 | CM12: 70 | CN12: 70 | CO12: =SUM(CP12:DD12)/2 -> 840 | CP12: =SUM(CQ12:CT12) -> 280 | CQ12: 70 | CR12: 70 | CS12: 70 | CT12: 70 | CU12: =SUM(CV12:CY12) -> 280 | CV12: 70 | CW12: 70 | CX12: 70 | CY12: 70 | CZ12: =SUM(DA12:DD12) -> 280 | DA12: 70 | DB12: 70 | DC12: 70 | DD12: 70 | DE12: =SUM(DF12:EK12)/3 -> 1680 | DF12: =SUM(DG12:DU12)/2 -> 840 | DG12: =SUM(DH12:DK12) -> 280 | DH12: 70 | DI12: 70 | DJ12: 70 | DK12: 70 | DL12: =SUM(DM12:DP12) -> 280 | DM12: 70 | DN12: 70 | DO12: 70 | DP12: 70 | DQ12: =SUM(DR12:DU12) -> 280 | DR12: 70 | DS12: 70 | DT12: 70 | DU12: 70 | DV12: =SUM(DW12:EK12)/2 -> 840 | DW12: =SUM(DX12:EA12) -> 280 | DX12: 70 | DY12: 70 | DZ12: 70 | EA12: 70 | EB12: =SUM(EC12:EF12) -> 280 | EC12: 70 | ED12: 70 | EE12: 70 | EF12: 70 | EG12: =SUM(EH12:EK12) -> 280 | EH12: 70 | EI12: 70 | EJ12: 70 | EK12: 70 | EL12: =SUM(EM12:GZ12)/4 -> 3360 | EM12: =SUM(EN12:FS12)/3 -> 1680 | EN12: =SUM(EO12:FC12)/2 -> 840 | EO12: =SUM(EP12:ES12) -> 280 | EP12: 70 | EQ12: 70 | ER12: 70 | ES12: 70 | ET12: =SUM(EU12:EX12) -> 280 | EU12: 70 | EV12: 70 | EW12: 70 | EX12: 70 | EY12: =SUM(EZ12:FC12) -> 280 | EZ12: 70 | FA12: 70 | FB12: 70 | FC12: 70 | FD12: =SUM(FE12:FS12)/2 -> 840 | FE12: =SUM(FF12:FI12) -> 280 | FF12: 70 | FG12: 70 | FH12: 70 | FI12: 70 | FJ12: =SUM(FK12:FN12) -> 280 | FK12: 70 | FL12: 70 | FM12: 70 | FN12: 70 | FO12: =SUM(FP12:FS12) -> 280 | FP12: 70 | FQ12: 70 | FR12: 70 | FS12: 70 | FT12: =SUM(FU12:GZ12)/3 -> 1680 | FU12: =SUM(FV12:GJ12)/2 -> 840 | FV12: =SUM(FW12:FZ12) -> 280 | FW12: 70 | FX12: 70 | FY12: 70 | FZ12: 70 | GA12: =SUM(GB12:GE12) -> 280 | GB12: 70 | GC12: 70 | GD12: 70 | GE12: 70 | GF12: =SUM(GG12:GJ12) -> 280 | GG12: 70 | GH12: 70 | GI12: 70 | GJ12: 70 | GK12: =SUM(GL12:GZ12)/2 -> 840 | GL12: =SUM(GM12:GP12) -> 280 | GM12: 70 | GN12: 70 | GO12: 70 | GP12: 70 | GQ12: =SUM(GR12:GU12) -> 280 | GR12: 70 | GS12: 70 | GT12: 70 | GU12: 70 | GV12: =SUM(GW12:GZ12) -> 280 | GW12: 70 | GX12: 70 | GY12: 70 | GZ12: 70
E13: Fakt | G13: =SUM(H13:GZ13)/5 -> 9222 | H13: =SUM(I13:BV13)/4 -> 3074 | I13: =SUM(J13:AO13)/3 -> 1537 | J13: =SUM(K13:Y13)/2 -> 835 | K13: =SUM(L13:O13) -> 270 | L13: 60 | M13: 65 | N13: 70 | O13: 75 | P13: =SUM(Q13:T13) -> 255 | Q13: 70 | R13: 60 | S13: 55 | T13: 70 | U13: =SUM(V13:Y13) -> 310 | V13: 75 | W13: 80 | X13: 70 | Y13: 85 | Z13: =SUM(AA13:AO13)/2 -> 702 | AA13: =SUM(AB13:AE13) -> 237 | AB13: 55 | AC13: 56 | AD13: 62 | AE13: 64 | AF13: =SUM(AG13:AJ13) -> 214 | AG13: 50 | AH13: 52 | AI13: 54 | AJ13: 58 | AK13: =SUM(AL13:AO13) -> 251 | AL13: 60 | AM13: 62 | AN13: 65 | AO13: 64 | AP13: =SUM(AQ13:BV13)/3 -> 1537 | AQ13: =SUM(AR13:BF13)/2 -> 702 | AR13: =SUM(AS13:AV13) -> 251 | AS13: 60 | AT13: 62 | AU13: 65 | AV13: 64 | AW13: =SUM(AX13:BA13) -> 237 | AX13: 55 | AY13: 56 | AZ13: 62 | BA13: 64 | BB13: =SUM(BC13:BF13) -> 214 | BC13: 50 | BD13: 52 | BE13: 54 | BF13: 58 | BG13: =SUM(BH13:BV13)/2 -> 835 | BH13: =SUM(BI13:BL13) -> 255 | BI13: 70 | BJ13: 60 | BK13: 55 | BL13: 70 | BM13: =SUM(BN13:BQ13) -> 310 | BN13: 75 | BO13: 80 | BP13: 70 | BQ13: 85 | BR13: =SUM(BS13:BV13) -> 270 | BS13: 60 | BT13: 65 | BU13: 70 | BV13: 75 | BW13: =SUM(BX13:EK13)/4 -> 3074 | BX13: =SUM(BY13:DD13)/3 -> 1537 | BY13: =SUM(BZ13:CN13)/2 -> 702 | BZ13: =SUM(CA13:CD13) -> 214 | CA13: 50 | CB13: 52 | CC13: 54 | CD13: 58 | CE13: =SUM(CF13:CI13) -> 251 | CF13: 60 | CG13: 62 | CH13: 65 | CI13: 64 | CJ13: =SUM(CK13:CN13) -> 237 | CK13: 55 | CL13: 56 | CM13: 62 | CN13: 64 | CO13: =SUM(CP13:DD13)/2 -> 835 | CP13: =SUM(CQ13:CT13) -> 270 | CQ13: 60 | CR13: 65 | CS13: 70 | CT13: 75 | CU13: =SUM(CV13:CY13) -> 255 | CV13: 70 | CW13: 60 | CX13: 55 | CY13: 70 | CZ13: =SUM(DA13:DD13) -> 310 | DA13: 75 | DB13: 80 | DC13: 70 | DD13: 85 | DE13: =SUM(DF13:EK13)/3 -> 1537 | DF13: =SUM(DG13:DU13)/2 -> 835 | DG13: =SUM(DH13:DK13) -> 310 | DH13: 75 | DI13: 80 | DJ13: 70 | DK13: 85 | DL13: =SUM(DM13:DP13) -> 270 | DM13: 60 | DN13: 65 | DO13: 70 | DP13: 75 | DQ13: =SUM(DR13:DU13) -> 255 | DR13: 70 | DS13: 60 | DT13: 55 | DU13: 70 | DV13: =SUM(DW13:EK13)/2 -> 702 | DW13: =SUM(DX13:EA13) -> 251 | DX13: 60 | DY13: 62 | DZ13: 65 | EA13: 64 | EB13: =SUM(EC13:EF13) -> 214 | EC13: 50 | ED13: 52 | EE13: 54 | EF13: 58 | EG13: =SUM(EH13:EK13) -> 237 | EH13: 55 | EI13: 56 | EJ13: 62 | EK13: 64 | EL13: =SUM(EM13:GZ13)/4 -> 3074 | EM13: =SUM(EN13:FS13)/3 -> 1537 | EN13: =SUM(EO13:FC13)/2 -> 702 | EO13: =SUM(EP13:ES13) -> 214 | EP13: 50 | EQ13: 52 | ER13: 54 | ES13: 58 | ET13: =SUM(EU13:EX13) -> 237 | EU13: 55 | EV13: 56 | EW13: 62 | EX13: 64 | EY13: =SUM(EZ13:FC13) -> 251 | EZ13: 60 | FA13: 62 | FB13: 65 | FC13: 64 | FD13: =SUM(FE13:FS13)/2 -> 835 | FE13: =SUM(FF13:FI13) -> 270 | FF13: 60 | FG13: 65 | FH13: 70 | FI13: 75 | FJ13: =SUM(FK13:FN13) -> 255 | FK13: 70 | FL13: 60 | FM13: 55 | FN13: 70 | FO13: =SUM(FP13:FS13) -> 310 | FP13: 75 | FQ13: 80 | FR13: 70 | FS13: 85 | FT13: =SUM(FU13:GZ13)/3 -> 1537 | FU13: =SUM(FV13:GJ13)/2 -> 835 | FV13: =SUM(FW13:FZ13) -> 310 | FW13: 75 | FX13: 80 | FY13: 70 | FZ13: 85 | GA13: =SUM(GB13:GE13) -> 270 | GB13: 60 | GC13: 65 | GD13: 70 | GE13: 75 | GF13: =SUM(GG13:GJ13) -> 255 | GG13: 70 | GH13: 60 | GI13: 55 | GJ13: 70 | GK13: =SUM(GL13:GZ13)/2 -> 702 | GL13: =SUM(GM13:GP13) -> 237 | GM13: 55 | GN13: 56 | GO13: 62 | GP13: 64 | GQ13: =SUM(GR13:GU13) -> 214 | GR13: 50 | GS13: 52 | GT13: 54 | GU13: 58 | GV13: =SUM(GW13:GZ13) -> 251 | GW13: 60 | GX13: 62 | GY13: 65 | GZ13: 64
B14: Sotuv | C14: 1 | D14: Qilingan yangi qo'ng'iroqlar soni | E14: Reja | G14: =SUM(H14:GZ14)/5 -> 7056 | H14: =SUM(I14:BV14)/4 -> 2352 | I14: =SUM(J14:AO14)/3 -> 1176 | J14: =SUM(K14:Y14)/2 -> 588 | K14: =SUM(L14:O14) -> 196 | L14: 49 | M14: 49 | N14: 49 | O14: 49 | P14: =SUM(Q14:T14) -> 196 | Q14: 49 | R14: 49 | S14: 49 | T14: 49 | U14: =SUM(V14:Y14) -> 196 | V14: 49 | W14: 49 | X14: 49 | Y14: 49 | Z14: =SUM(AA14:AO14)/2 -> 588 | AA14: =SUM(AB14:AE14) -> 196 | AB14: 49 | AC14: 49 | AD14: 49 | AE14: 49 | AF14: =SUM(AG14:AJ14) -> 196 | AG14: 49 | AH14: 49 | AI14: 49 | AJ14: 49 | AK14: =SUM(AL14:AO14) -> 196 | AL14: 49 | AM14: 49 | AN14: 49 | AO14: 49 | AP14: =SUM(AQ14:BV14)/3 -> 1176 | AQ14: =SUM(AR14:BF14)/2 -> 588 | AR14: =SUM(AS14:AV14) -> 196 | AS14: 49 | AT14: 49 | AU14: 49 | AV14: 49 | AW14: =SUM(AX14:BA14) -> 196 | AX14: 49 | AY14: 49 | AZ14: 49 | BA14: 49 | BB14: =SUM(BC14:BF14) -> 196 | BC14: 49 | BD14: 49 | BE14: 49 | BF14: 49 | BG14: =SUM(BH14:BV14)/2 -> 588 | BH14: =SUM(BI14:BL14) -> 196 | BI14: 49 | BJ14: 49 | BK14: 49 | BL14: 49 | BM14: =SUM(BN14:BQ14) -> 196 | BN14: 49 | BO14: 49 | BP14: 49 | BQ14: 49 | BR14: =SUM(BS14:BV14) -> 196 | BS14: 49 | BT14: 49 | BU14: 49 | BV14: 49 | BW14: =SUM(BX14:EK14)/4 -> 2352 | BX14: =SUM(BY14:DD14)/3 -> 1176 | BY14: =SUM(BZ14:CN14)/2 -> 588 | BZ14: =SUM(CA14:CD14) -> 196 | CA14: 49 | CB14: 49 | CC14: 49 | CD14: 49 | CE14: =SUM(CF14:CI14) -> 196 | CF14: 49 | CG14: 49 | CH14: 49 | CI14: 49 | CJ14: =SUM(CK14:CN14) -> 196 | CK14: 49 | CL14: 49 | CM14: 49 | CN14: 49 | CO14: =SUM(CP14:DD14)/2 -> 588 | CP14: =SUM(CQ14:CT14) -> 196 | CQ14: 49 | CR14: 49 | CS14: 49 | CT14: 49 | CU14: =SUM(CV14:CY14) -> 196 | CV14: 49 | CW14: 49 | CX14: 49 | CY14: 49 | CZ14: =SUM(DA14:DD14) -> 196 | DA14: 49 | DB14: 49 | DC14: 49 | DD14: 49 | DE14: =SUM(DF14:EK14)/3 -> 1176 | DF14: =SUM(DG14:DU14)/2 -> 588 | DG14: =SUM(DH14:DK14) -> 196 | DH14: 49 | DI14: 49 | DJ14: 49 | DK14: 49 | DL14: =SUM(DM14:DP14) -> 196 | DM14: 49 | DN14: 49 | DO14: 49 | DP14: 49 | DQ14: =SUM(DR14:DU14) -> 196 | DR14: 49 | DS14: 49 | DT14: 49 | DU14: 49 | DV14: =SUM(DW14:EK14)/2 -> 588 | DW14: =SUM(DX14:EA14) -> 196 | DX14: 49 | DY14: 49 | DZ14: 49 | EA14: 49 | EB14: =SUM(EC14:EF14) -> 196 | EC14: 49 | ED14: 49 | EE14: 49 | EF14: 49 | EG14: =SUM(EH14:EK14) -> 196 | EH14: 49 | EI14: 49 | EJ14: 49 | EK14: 49 | EL14: =SUM(EM14:GZ14)/4 -> 2352 | EM14: =SUM(EN14:FS14)/3 -> 1176 | EN14: =SUM(EO14:FC14)/2 -> 588 | EO14: =SUM(EP14:ES14) -> 196 | EP14: 49 | EQ14: 49 | ER14: 49 | ES14: 49 | ET14: =SUM(EU14:EX14) -> 196 | EU14: 49 | EV14: 49 | EW14: 49 | EX14: 49 | EY14: =SUM(EZ14:FC14) -> 196 | EZ14: 49 | FA14: 49 | FB14: 49 | FC14: 49 | FD14: =SUM(FE14:FS14)/2 -> 588 | FE14: =SUM(FF14:FI14) -> 196 | FF14: 49 | FG14: 49 | FH14: 49 | FI14: 49 | FJ14: =SUM(FK14:FN14) -> 196 | FK14: 49 | FL14: 49 | FM14: 49 | FN14: 49 | FO14: =SUM(FP14:FS14) -> 196 | FP14: 49 | FQ14: 49 | FR14: 49 | FS14: 49 | FT14: =SUM(FU14:GZ14)/3 -> 1176 | FU14: =SUM(FV14:GJ14)/2 -> 588 | FV14: =SUM(FW14:FZ14) -> 196 | FW14: 49 | FX14: 49 | FY14: 49 | FZ14: 49 | GA14: =SUM(GB14:GE14) -> 196 | GB14: 49 | GC14: 49 | GD14: 49 | GE14: 49 | GF14: =SUM(GG14:GJ14) -> 196 | GG14: 49 | GH14: 49 | GI14: 49 | GJ14: 49 | GK14: =SUM(GL14:GZ14)/2 -> 588 | GL14: =SUM(GM14:GP14) -> 196 | GM14: 49 | GN14: 49 | GO14: 49 | GP14: 49 | GQ14: =SUM(GR14:GU14) -> 196 | GR14: 49 | GS14: 49 | GT14: 49 | GU14: 49 | GV14: =SUM(GW14:GZ14) -> 196 | GW14: 49 | GX14: 49 | GY14: 49 | GZ14: 49
E15: Fakt | G15: =SUM(H15:GZ15)/5 -> 6162 | H15: =SUM(I15:BV15)/4 -> 2054 | I15: =SUM(J15:AO15)/3 -> 1027 | J15: =SUM(K15:Y15)/2 -> 563 | K15: =SUM(L15:O15) -> 185 | L15: 45 | M15: 50 | N15: 44 | O15: 46 | P15: =SUM(Q15:T15) -> 190 | Q15: 40 | R15: 48 | S15: 52 | T15: 50 | U15: =SUM(V15:Y15) -> 188 | V15: 45 | W15: 46 | X15: 47 | Y15: 50 | Z15: =SUM(AA15:AO15)/2 -> 464 | AA15: =SUM(AB15:AE15) -> 162 | AB15: 39 | AC15: 42 | AD15: 40 | AE15: 41 | AF15: =SUM(AG15:AJ15) -> 155 | AG15: 40 | AH15: 41 | AI15: 39 | AJ15: 35 | AK15: =SUM(AL15:AO15) -> 147 | AL15: 34 | AM15: 32 | AN15: 39 | AO15: 42 | AP15: =SUM(AQ15:BV15)/3 -> 1027 | AQ15: =SUM(AR15:BF15)/2 -> 464 | AR15: =SUM(AS15:AV15) -> 147 | AS15: 34 | AT15: 32 | AU15: 39 | AV15: 42 | AW15: =SUM(AX15:BA15) -> 162 | AX15: 39 | AY15: 42 | AZ15: 40 | BA15: 41 | BB15: =SUM(BC15:BF15) -> 155 | BC15: 40 | BD15: 41 | BE15: 39 | BF15: 35 | BG15: =SUM(BH15:BV15)/2 -> 563 | BH15: =SUM(BI15:BL15) -> 190 | BI15: 40 | BJ15: 48 | BK15: 52 | BL15: 50 | BM15: =SUM(BN15:BQ15) -> 188 | BN15: 45 | BO15: 46 | BP15: 47 | BQ15: 50 | BR15: =SUM(BS15:BV15) -> 185 | BS15: 45 | BT15: 50 | BU15: 44 | BV15: 46 | BW15: =SUM(BX15:EK15)/4 -> 2054 | BX15: =SUM(BY15:DD15)/3 -> 1027 | BY15: =SUM(BZ15:CN15)/2 -> 464 | BZ15: =SUM(CA15:CD15) -> 155 | CA15: 40 | CB15: 41 | CC15: 39 | CD15: 35 | CE15: =SUM(CF15:CI15) -> 147 | CF15: 34 | CG15: 32 | CH15: 39 | CI15: 42 | CJ15: =SUM(CK15:CN15) -> 162 | CK15: 39 | CL15: 42 | CM15: 40 | CN15: 41 | CO15: =SUM(CP15:DD15)/2 -> 563 | CP15: =SUM(CQ15:CT15) -> 185 | CQ15: 45 | CR15: 50 | CS15: 44 | CT15: 46 | CU15: =SUM(CV15:CY15) -> 190 | CV15: 40 | CW15: 48 | CX15: 52 | CY15: 50 | CZ15: =SUM(DA15:DD15) -> 188 | DA15: 45 | DB15: 46 | DC15: 47 | DD15: 50 | DE15: =SUM(DF15:EK15)/3 -> 1027 | DF15: =SUM(DG15:DU15)/2 -> 563 | DG15: =SUM(DH15:DK15) -> 188 | DH15: 45 | DI15: 46 | DJ15: 47 | DK15: 50 | DL15: =SUM(DM15:DP15) -> 185 | DM15: 45 | DN15: 50 | DO15: 44 | DP15: 46 | DQ15: =SUM(DR15:DU15) -> 190 | DR15: 40 | DS15: 48 | DT15: 52 | DU15: 50 | DV15: =SUM(DW15:EK15)/2 -> 464 | DW15: =SUM(DX15:EA15) -> 147 | DX15: 34 | DY15: 32 | DZ15: 39 | EA15: 42 | EB15: =SUM(EC15:EF15) -> 155 | EC15: 40 | ED15: 41 | EE15: 39 | EF15: 35 | EG15: =SUM(EH15:EK15) -> 162 | EH15: 39 | EI15: 42 | EJ15: 40 | EK15: 41 | EL15: =SUM(EM15:GZ15)/4 -> 2054 | EM15: =SUM(EN15:FS15)/3 -> 1027 | EN15: =SUM(EO15:FC15)/2 -> 464 | EO15: =SUM(EP15:ES15) -> 155 | EP15: 40 | EQ15: 41 | ER15: 39 | ES15: 35 | ET15: =SUM(EU15:EX15) -> 162 | EU15: 39 | EV15: 42 | EW15: 40 | EX15: 41 | EY15: =SUM(EZ15:FC15) -> 147 | EZ15: 34 | FA15: 32 | FB15: 39 | FC15: 42 | FD15: =SUM(FE15:FS15)/2 -> 563 | FE15: =SUM(FF15:FI15) -> 185 | FF15: 45 | FG15: 50 | FH15: 44 | FI15: 46 | FJ15: =SUM(FK15:FN15) -> 190 | FK15: 40 | FL15: 48 | FM15: 52 | FN15: 50 | FO15: =SUM(FP15:FS15) -> 188 | FP15: 45 | FQ15: 46 | FR15: 47 | FS15: 50 | FT15: =SUM(FU15:GZ15)/3 -> 1027 | FU15: =SUM(FV15:GJ15)/2 -> 563 | FV15: =SUM(FW15:FZ15) -> 188 | FW15: 45 | FX15: 46 | FY15: 47 | FZ15: 50 | GA15: =SUM(GB15:GE15) -> 185 | GB15: 45 | GC15: 50 | GD15: 44 | GE15: 46 | GF15: =SUM(GG15:GJ15) -> 190 | GG15: 40 | GH15: 48 | GI15: 52 | GJ15: 50 | GK15: =SUM(GL15:GZ15)/2 -> 464 | GL15: =SUM(GM15:GP15) -> 162 | GM15: 39 | GN15: 42 | GO15: 40 | GP15: 41 | GQ15: =SUM(GR15:GU15) -> 155 | GR15: 40 | GS15: 41 | GT15: 39 | GU15: 35 | GV15: =SUM(GW15:GZ15) -> 147 | GW15: 34 | GX15: 32 | GY15: 39 | GZ15: 42
C16: 2 | D16: Probniyga yangi kelganlar soni | E16: Reja | G16: =SUM(H16:GZ16)/5 -> 5040 | H16: =SUM(I16:BV16)/4 -> 1680 | I16: =SUM(J16:AO16)/3 -> 840 | J16: =SUM(K16:Y16)/2 -> 420 | K16: =SUM(L16:O16) -> 140 | L16: 35 | M16: 35 | N16: 35 | O16: 35 | P16: =SUM(Q16:T16) -> 140 | Q16: 35 | R16: 35 | S16: 35 | T16: 35 | U16: =SUM(V16:Y16) -> 140 | V16: 35 | W16: 35 | X16: 35 | Y16: 35 | Z16: =SUM(AA16:AO16)/2 -> 420 | AA16: =SUM(AB16:AE16) -> 140 | AB16: 35 | AC16: 35 | AD16: 35 | AE16: 35 | AF16: =SUM(AG16:AJ16) -> 140 | AG16: 35 | AH16: 35 | AI16: 35 | AJ16: 35 | AK16: =SUM(AL16:AO16) -> 140 | AL16: 35 | AM16: 35 | AN16: 35 | AO16: 35 | AP16: =SUM(AQ16:BV16)/3 -> 840 | AQ16: =SUM(AR16:BF16)/2 -> 420 | AR16: =SUM(AS16:AV16) -> 140 | AS16: 35 | AT16: 35 | AU16: 35 | AV16: 35 | AW16: =SUM(AX16:BA16) -> 140 | AX16: 35 | AY16: 35 | AZ16: 35 | BA16: 35 | BB16: =SUM(BC16:BF16) -> 140 | BC16: 35 | BD16: 35 | BE16: 35 | BF16: 35 | BG16: =SUM(BH16:BV16)/2 -> 420 | BH16: =SUM(BI16:BL16) -> 140 | BI16: 35 | BJ16: 35 | BK16: 35 | BL16: 35 | BM16: =SUM(BN16:BQ16) -> 140 | BN16: 35 | BO16: 35 | BP16: 35 | BQ16: 35 | BR16: =SUM(BS16:BV16) -> 140 | BS16: 35 | BT16: 35 | BU16: 35 | BV16: 35 | BW16: =SUM(BX16:EK16)/4 -> 1680 | BX16: =SUM(BY16:DD16)/3 -> 840 | BY16: =SUM(BZ16:CN16)/2 -> 420 | BZ16: =SUM(CA16:CD16) -> 140 | CA16: 35 | CB16: 35 | CC16: 35 | CD16: 35 | CE16: =SUM(CF16:CI16) -> 140 | CF16: 35 | CG16: 35 | CH16: 35 | CI16: 35 | CJ16: =SUM(CK16:CN16) -> 140 | CK16: 35 | CL16: 35 | CM16: 35 | CN16: 35 | CO16: =SUM(CP16:DD16)/2 -> 420 | CP16: =SUM(CQ16:CT16) -> 140 | CQ16: 35 | CR16: 35 | CS16: 35 | CT16: 35 | CU16: =SUM(CV16:CY16) -> 140 | CV16: 35 | CW16: 35 | CX16: 35 | CY16: 35 | CZ16: =SUM(DA16:DD16) -> 140 | DA16: 35 | DB16: 35 | DC16: 35 | DD16: 35 | DE16: =SUM(DF16:EK16)/3 -> 840 | DF16: =SUM(DG16:DU16)/2 -> 420 | DG16: =SUM(DH16:DK16) -> 140 | DH16: 35 | DI16: 35 | DJ16: 35 | DK16: 35 | DL16: =SUM(DM16:DP16) -> 140 | DM16: 35 | DN16: 35 | DO16: 35 | DP16: 35 | DQ16: =SUM(DR16:DU16) -> 140 | DR16: 35 | DS16: 35 | DT16: 35 | DU16: 35 | DV16: =SUM(DW16:EK16)/2 -> 420 | DW16: =SUM(DX16:EA16) -> 140 | DX16: 35 | DY16: 35 | DZ16: 35 | EA16: 35 | EB16: =SUM(EC16:EF16) -> 140 | EC16: 35 | ED16: 35 | EE16: 35 | EF16: 35 | EG16: =SUM(EH16:EK16) -> 140 | EH16: 35 | EI16: 35 | EJ16: 35 | EK16: 35 | EL16: =SUM(EM16:GZ16)/4 -> 1680 | EM16: =SUM(EN16:FS16)/3 -> 840 | EN16: =SUM(EO16:FC16)/2 -> 420 | EO16: =SUM(EP16:ES16) -> 140 | EP16: 35 | EQ16: 35 | ER16: 35 | ES16: 35 | ET16: =SUM(EU16:EX16) -> 140 | EU16: 35 | EV16: 35 | EW16: 35 | EX16: 35 | EY16: =SUM(EZ16:FC16) -> 140 | EZ16: 35 | FA16: 35 | FB16: 35 | FC16: 35 | FD16: =SUM(FE16:FS16)/2 -> 420 | FE16: =SUM(FF16:FI16) -> 140 | FF16: 35 | FG16: 35 | FH16: 35 | FI16: 35 | FJ16: =SUM(FK16:FN16) -> 140 | FK16: 35 | FL16: 35 | FM16: 35 | FN16: 35 | FO16: =SUM(FP16:FS16) -> 140 | FP16: 35 | FQ16: 35 | FR16: 35 | FS16: 35 | FT16: =SUM(FU16:GZ16)/3 -> 840 | FU16: =SUM(FV16:GJ16)/2 -> 420 | FV16: =SUM(FW16:FZ16) -> 140 | FW16: 35 | FX16: 35 | FY16: 35 | FZ16: 35 | GA16: =SUM(GB16:GE16) -> 140 | GB16: 35 | GC16: 35 | GD16: 35 | GE16: 35 | GF16: =SUM(GG16:GJ16) -> 140 | GG16: 35 | GH16: 35 | GI16: 35 | GJ16: 35 | GK16: =SUM(GL16:GZ16)/2 -> 420 | GL16: =SUM(GM16:GP16) -> 140 | GM16: 35 | GN16: 35 | GO16: 35 | GP16: 35 | GQ16: =SUM(GR16:GU16) -> 140 | GR16: 35 | GS16: 35 | GT16: 35 | GU16: 35 | GV16: =SUM(GW16:GZ16) -> 140 | GW16: 35 | GX16: 35 | GY16: 35 | GZ16: 35
E17: Fakt | G17: =SUM(H17:GZ17)/5 -> 4434 | H17: =SUM(I17:BV17)/4 -> 1478 | I17: =SUM(J17:AO17)/3 -> 739 | J17: =SUM(K17:Y17)/2 -> 406 | K17: =SUM(L17:O17) -> 133 | L17: 30 | M17: 35 | N17: 32 | O17: 36 | P17: =SUM(Q17:T17) -> 152 | Q17: 35 | R17: 40 | S17: 42 | T17: 35 | U17: =SUM(V17:Y17) -> 121 | V17: 34 | W17: 30 | X17: 25 | Y17: 32 | Z17: =SUM(AA17:AO17)/2 -> 333 | AA17: =SUM(AB17:AE17) -> 110 | AB17: 29 | AC17: 28 | AD17: 27 | AE17: 26 | AF17: =SUM(AG17:AJ17) -> 102 | AG17: 25 | AH17: 24 | AI17: 26 | AJ17: 27 | AK17: =SUM(AL17:AO17) -> 121 | AL17: 28 | AM17: 30 | AN17: 31 | AO17: 32 | AP17: =SUM(AQ17:BV17)/3 -> 739 | AQ17: =SUM(AR17:BF17)/2 -> 333 | AR17: =SUM(AS17:AV17) -> 121 | AS17: 28 | AT17: 30 | AU17: 31 | AV17: 32 | AW17: =SUM(AX17:BA17) -> 110 | AX17: 29 | AY17: 28 | AZ17: 27 | BA17: 26 | BB17: =SUM(BC17:BF17) -> 102 | BC17: 25 | BD17: 24 | BE17: 26 | BF17: 27 | BG17: =SUM(BH17:BV17)/2 -> 406 | BH17: =SUM(BI17:BL17) -> 152 | BI17: 35 | BJ17: 40 | BK17: 42 | BL17: 35 | BM17: =SUM(BN17:BQ17) -> 121 | BN17: 34 | BO17: 30 | BP17: 25 | BQ17: 32 | BR17: =SUM(BS17:BV17) -> 133 | BS17: 30 | BT17: 35 | BU17: 32 | BV17: 36 | BW17: =SUM(BX17:EK17)/4 -> 1478 | BX17: =SUM(BY17:DD17)/3 -> 739 | BY17: =SUM(BZ17:CN17)/2 -> 333 | BZ17: =SUM(CA17:CD17) -> 102 | CA17: 25 | CB17: 24 | CC17: 26 | CD17: 27 | CE17: =SUM(CF17:CI17) -> 121 | CF17: 28 | CG17: 30 | CH17: 31 | CI17: 32 | CJ17: =SUM(CK17:CN17) -> 110 | CK17: 29 | CL17: 28 | CM17: 27 | CN17: 26 | CO17: =SUM(CP17:DD17)/2 -> 406 | CP17: =SUM(CQ17:CT17) -> 133 | CQ17: 30 | CR17: 35 | CS17: 32 | CT17: 36 | CU17: =SUM(CV17:CY17) -> 152 | CV17: 35 | CW17: 40 | CX17: 42 | CY17: 35 | CZ17: =SUM(DA17:DD17) -> 121 | DA17: 34 | DB17: 30 | DC17: 25 | DD17: 32 | DE17: =SUM(DF17:EK17)/3 -> 739 | DF17: =SUM(DG17:DU17)/2 -> 406 | DG17: =SUM(DH17:DK17) -> 121 | DH17: 34 | DI17: 30 | DJ17: 25 | DK17: 32 | DL17: =SUM(DM17:DP17) -> 133 | DM17: 30 | DN17: 35 | DO17: 32 | DP17: 36 | DQ17: =SUM(DR17:DU17) -> 152 | DR17: 35 | DS17: 40 | DT17: 42 | DU17: 35 | DV17: =SUM(DW17:EK17)/2 -> 333 | DW17: =SUM(DX17:EA17) -> 121 | DX17: 28 | DY17: 30 | DZ17: 31 | EA17: 32 | EB17: =SUM(EC17:EF17) -> 102 | EC17: 25 | ED17: 24 | EE17: 26 | EF17: 27 | EG17: =SUM(EH17:EK17) -> 110 | EH17: 29 | EI17: 28 | EJ17: 27 | EK17: 26 | EL17: =SUM(EM17:GZ17)/4 -> 1478 | EM17: =SUM(EN17:FS17)/3 -> 739 | EN17: =SUM(EO17:FC17)/2 -> 333 | EO17: =SUM(EP17:ES17) -> 102 | EP17: 25 | EQ17: 24 | ER17: 26 | ES17: 27 | ET17: =SUM(EU17:EX17) -> 110 | EU17: 29 | EV17: 28 | EW17: 27 | EX17: 26 | EY17: =SUM(EZ17:FC17) -> 121 | EZ17: 28 | FA17: 30 | FB17: 31 | FC17: 32 | FD17: =SUM(FE17:FS17)/2 -> 406 | FE17: =SUM(FF17:FI17) -> 133 | FF17: 30 | FG17: 35 | FH17: 32 | FI17: 36 | FJ17: =SUM(FK17:FN17) -> 152 | FK17: 35 | FL17: 40 | FM17: 42 | FN17: 35 | FO17: =SUM(FP17:FS17) -> 121 | FP17: 34 | FQ17: 30 | FR17: 25 | FS17: 32 | FT17: =SUM(FU17:GZ17)/3 -> 739 | FU17: =SUM(FV17:GJ17)/2 -> 406 | FV17: =SUM(FW17:FZ17) -> 121 | FW17: 34 | FX17: 30 | FY17: 25 | FZ17: 32 | GA17: =SUM(GB17:GE17) -> 133 | GB17: 30 | GC17: 35 | GD17: 32 | GE17: 36 | GF17: =SUM(GG17:GJ17) -> 152 | GG17: 35 | GH17: 40 | GI17: 42 | GJ17: 35 | GK17: =SUM(GL17:GZ17)/2 -> 333 | GL17: =SUM(GM17:GP17) -> 110 | GM17: 29 | GN17: 28 | GO17: 27 | GP17: 26 | GQ17: =SUM(GR17:GU17) -> 102 | GR17: 25 | GS17: 24 | GT17: 26 | GU17: 27 | GV17: =SUM(GW17:GZ17) -> 121 | GW17: 28 | GX17: 30 | GY17: 31 | GZ17: 32
C18: 3 | D18: Qilingan yangi to'lovlar soni | E18: Reja | G18: =SUM(H18:GZ18)/5 -> 2016 | H18: =SUM(I18:BV18)/4 -> 672 | I18: =SUM(J18:AO18)/3 -> 336 | J18: =SUM(K18:Y18)/2 -> 168 | K18: =SUM(L18:O18) -> 56 | L18: 14 | M18: 14 | N18: 14 | O18: 14 | P18: =SUM(Q18:T18) -> 56 | Q18: 14 | R18: 14 | S18: 14 | T18: 14 | U18: =SUM(V18:Y18) -> 56 | V18: 14 | W18: 14 | X18: 14 | Y18: 14 | Z18: =SUM(AA18:AO18)/2 -> 168 | AA18: =SUM(AB18:AE18) -> 56 | AB18: 14 | AC18: 14 | AD18: 14 | AE18: 14 | AF18: =SUM(AG18:AJ18) -> 56 | AG18: 14 | AH18: 14 | AI18: 14 | AJ18: 14 | AK18: =SUM(AL18:AO18) -> 56 | AL18: 14 | AM18: 14 | AN18: 14 | AO18: 14 | AP18: =SUM(AQ18:BV18)/3 -> 336 | AQ18: =SUM(AR18:BF18)/2 -> 168 | AR18: =SUM(AS18:AV18) -> 56 | AS18: 14 | AT18: 14 | AU18: 14 | AV18: 14 | AW18: =SUM(AX18:BA18) -> 56 | AX18: 14 | AY18: 14 | AZ18: 14 | BA18: 14 | BB18: =SUM(BC18:BF18) -> 56 | BC18: 14 | BD18: 14 | BE18: 14 | BF18: 14 | BG18: =SUM(BH18:BV18)/2 -> 168 | BH18: =SUM(BI18:BL18) -> 56 | BI18: 14 | BJ18: 14 | BK18: 14 | BL18: 14 | BM18: =SUM(BN18:BQ18) -> 56 | BN18: 14 | BO18: 14 | BP18: 14 | BQ18: 14 | BR18: =SUM(BS18:BV18) -> 56 | BS18: 14 | BT18: 14 | BU18: 14 | BV18: 14 | BW18: =SUM(BX18:EK18)/4 -> 672 | BX18: =SUM(BY18:DD18)/3 -> 336 | BY18: =SUM(BZ18:CN18)/2 -> 168 | BZ18: =SUM(CA18:CD18) -> 56 | CA18: 14 | CB18: 14 | CC18: 14 | CD18: 14 | CE18: =SUM(CF18:CI18) -> 56 | CF18: 14 | CG18: 14 | CH18: 14 | CI18: 14 | CJ18: =SUM(CK18:CN18) -> 56 | CK18: 14 | CL18: 14 | CM18: 14 | CN18: 14 | CO18: =SUM(CP18:DD18)/2 -> 168 | CP18: =SUM(CQ18:CT18) -> 56 | CQ18: 14 | CR18: 14 | CS18: 14 | CT18: 14 | CU18: =SUM(CV18:CY18) -> 56 | CV18: 14 | CW18: 14 | CX18: 14 | CY18: 14 | CZ18: =SUM(DA18:DD18) -> 56 | DA18: 14 | DB18: 14 | DC18: 14 | DD18: 14 | DE18: =SUM(DF18:EK18)/3 -> 336 | DF18: =SUM(DG18:DU18)/2 -> 168 | DG18: =SUM(DH18:DK18) -> 56 | DH18: 14 | DI18: 14 | DJ18: 14 | DK18: 14 | DL18: =SUM(DM18:DP18) -> 56 | DM18: 14 | DN18: 14 | DO18: 14 | DP18: 14 | DQ18: =SUM(DR18:DU18) -> 56 | DR18: 14 | DS18: 14 | DT18: 14 | DU18: 14 | DV18: =SUM(DW18:EK18)/2 -> 168 | DW18: =SUM(DX18:EA18) -> 56 | DX18: 14 | DY18: 14 | DZ18: 14 | EA18: 14 | EB18: =SUM(EC18:EF18) -> 56 | EC18: 14 | ED18: 14 | EE18: 14 | EF18: 14 | EG18: =SUM(EH18:EK18) -> 56 | EH18: 14 | EI18: 14 | EJ18: 14 | EK18: 14 | EL18: =SUM(EM18:GZ18)/4 -> 672 | EM18: =SUM(EN18:FS18)/3 -> 336 | EN18: =SUM(EO18:FC18)/2 -> 168 | EO18: =SUM(EP18:ES18) -> 56 | EP18: 14 | EQ18: 14 | ER18: 14 | ES18: 14 | ET18: =SUM(EU18:EX18) -> 56 | EU18: 14 | EV18: 14 | EW18: 14 | EX18: 14 | EY18: =SUM(EZ18:FC18) -> 56 | EZ18: 14 | FA18: 14 | FB18: 14 | FC18: 14 | FD18: =SUM(FE18:FS18)/2 -> 168 | FE18: =SUM(FF18:FI18) -> 56 | FF18: 14 | FG18: 14 | FH18: 14 | FI18: 14 | FJ18: =SUM(FK18:FN18) -> 56 | FK18: 14 | FL18: 14 | FM18: 14 | FN18: 14 | FO18: =SUM(FP18:FS18) -> 56 | FP18: 14 | FQ18: 14 | FR18: 14 | FS18: 14 | FT18: =SUM(FU18:GZ18)/3 -> 336 | FU18: =SUM(FV18:GJ18)/2 -> 168 | FV18: =SUM(FW18:FZ18) -> 56 | FW18: 14 | FX18: 14 | FY18: 14 | FZ18: 14 | GA18: =SUM(GB18:GE18) -> 56 | GB18: 14 | GC18: 14 | GD18: 14 | GE18: 14 | GF18: =SUM(GG18:GJ18) -> 56 | GG18: 14 | GH18: 14 | GI18: 14 | GJ18: 14 | GK18: =SUM(GL18:GZ18)/2 -> 168 | GL18: =SUM(GM18:GP18) -> 56 | GM18: 14 | GN18: 14 | GO18: 14 | GP18: 14 | GQ18: =SUM(GR18:GU18) -> 56 | GR18: 14 | GS18: 14 | GT18: 14 | GU18: 14 | GV18: =SUM(GW18:GZ18) -> 56 | GW18: 14 | GX18: 14 | GY18: 14 | GZ18: 14
E19: Fakt | G19: =SUM(H19:GZ19)/5 -> 1614 | H19: =SUM(I19:BV19)/4 -> 538 | I19: =SUM(J19:AO19)/3 -> 269 | J19: =SUM(K19:Y19)/2 -> 158 | K19: =SUM(L19:O19) -> 51 | L19: 12 | M19: 14 | N19: 15 | O19: 10 | P19: =SUM(Q19:T19) -> 56 | Q19: 15 | R19: 15 | S19: 14 | T19: 12 | U19: =SUM(V19:Y19) -> 51 | V19: 12 | W19: 13 | X19: 14 | Y19: 12 | Z19: =SUM(AA19:AO19)/2 -> 111 | AA19: =SUM(AB19:AE19) -> 42 | AB19: 10 | AC19: 11 | AD19: 12 | AE19: 9 | AF19: =SUM(AG19:AJ19) -> 30 | AG19: 8 | AH19: 7 | AI19: 6 | AJ19: 9 | AK19: =SUM(AL19:AO19) -> 39 | AL19: 10 | AM19: 9 | AN19: 8 | AO19: 12 | AP19: =SUM(AQ19:BV19)/3 -> 269 | AQ19: =SUM(AR19:BF19)/2 -> 111 | AR19: =SUM(AS19:AV19) -> 39 | AS19: 10 | AT19: 9 | AU19: 8 | AV19: 12 | AW19: =SUM(AX19:BA19) -> 42 | AX19: 10 | AY19: 11 | AZ19: 12 | BA19: 9 | BB19: =SUM(BC19:BF19) -> 30 | BC19: 8 | BD19: 7 | BE19: 6 | BF19: 9 | BG19: =SUM(BH19:BV19)/2 -> 158 | BH19: =SUM(BI19:BL19) -> 56 | BI19: 15 | BJ19: 15 | BK19: 14 | BL19: 12 | BM19: =SUM(BN19:BQ19) -> 51 | BN19: 12 | BO19: 13 | BP19: 14 | BQ19: 12 | BR19: =SUM(BS19:BV19) -> 51 | BS19: 12 | BT19: 14 | BU19: 15 | BV19: 10 | BW19: =SUM(BX19:EK19)/4 -> 538 | BX19: =SUM(BY19:DD19)/3 -> 269 | BY19: =SUM(BZ19:CN19)/2 -> 111 | BZ19: =SUM(CA19:CD19) -> 30 | CA19: 8 | CB19: 7 | CC19: 6 | CD19: 9 | CE19: =SUM(CF19:CI19) -> 39 | CF19: 10 | CG19: 9 | CH19: 8 | CI19: 12 | CJ19: =SUM(CK19:CN19) -> 42 | CK19: 10 | CL19: 11 | CM19: 12 | CN19: 9 | CO19: =SUM(CP19:DD19)/2 -> 158 | CP19: =SUM(CQ19:CT19) -> 51 | CQ19: 12 | CR19: 14 | CS19: 15 | CT19: 10 | CU19: =SUM(CV19:CY19) -> 56 | CV19: 15 | CW19: 15 | CX19: 14 | CY19: 12 | CZ19: =SUM(DA19:DD19) -> 51 | DA19: 12 | DB19: 13 | DC19: 14 | DD19: 12 | DE19: =SUM(DF19:EK19)/3 -> 269 | DF19: =SUM(DG19:DU19)/2 -> 158 | DG19: =SUM(DH19:DK19) -> 51 | DH19: 12 | DI19: 13 | DJ19: 14 | DK19: 12 | DL19: =SUM(DM19:DP19) -> 51 | DM19: 12 | DN19: 14 | DO19: 15 | DP19: 10 | DQ19: =SUM(DR19:DU19) -> 56 | DR19: 15 | DS19: 15 | DT19: 14 | DU19: 12 | DV19: =SUM(DW19:EK19)/2 -> 111 | DW19: =SUM(DX19:EA19) -> 39 | DX19: 10 | DY19: 9 | DZ19: 8 | EA19: 12 | EB19: =SUM(EC19:EF19) -> 30 | EC19: 8 | ED19: 7 | EE19: 6 | EF19: 9 | EG19: =SUM(EH19:EK19) -> 42 | EH19: 10 | EI19: 11 | EJ19: 12 | EK19: 9 | EL19: =SUM(EM19:GZ19)/4 -> 538 | EM19: =SUM(EN19:FS19)/3 -> 269 | EN19: =SUM(EO19:FC19)/2 -> 111 | EO19: =SUM(EP19:ES19) -> 30 | EP19: 8 | EQ19: 7 | ER19: 6 | ES19: 9 | ET19: =SUM(EU19:EX19) -> 42 | EU19: 10 | EV19: 11 | EW19: 12 | EX19: 9 | EY19: =SUM(EZ19:FC19) -> 39 | EZ19: 10 | FA19: 9 | FB19: 8 | FC19: 12 | FD19: =SUM(FE19:FS19)/2 -> 158 | FE19: =SUM(FF19:FI19) -> 51 | FF19: 12 | FG19: 14 | FH19: 15 | FI19: 10 | FJ19: =SUM(FK19:FN19) -> 56 | FK19: 15 | FL19: 15 | FM19: 14 | FN19: 12 | FO19: =SUM(FP19:FS19) -> 51 | FP19: 12 | FQ19: 13 | FR19: 14 | FS19: 12 | FT19: =SUM(FU19:GZ19)/3 -> 269 | FU19: =SUM(FV19:GJ19)/2 -> 158 | FV19: =SUM(FW19:FZ19) -> 51 | FW19: 12 | FX19: 13 | FY19: 14 | FZ19: 12 | GA19: =SUM(GB19:GE19) -> 51 | GB19: 12 | GC19: 14 | GD19: 15 | GE19: 10 | GF19: =SUM(GG19:GJ19) -> 56 | GG19: 15 | GH19: 15 | GI19: 14 | GJ19: 12 | GK19: =SUM(GL19:GZ19)/2 -> 111 | GL19: =SUM(GM19:GP19) -> 42 | GM19: 10 | GN19: 11 | GO19: 12 | GP19: 9 | GQ19: =SUM(GR19:GU19) -> 30 | GR19: 8 | GS19: 7 | GT19: 6 | GU19: 9 | GV19: =SUM(GW19:GZ19) -> 39 | GW19: 10 | GX19: 9 | GY19: 8 | GZ19: 12
B20: Product | C20: 1 | D20: Konsultatsiya olgan mijozlar soni | E20: Reja | G20: =SUM(H20:GZ20)/5 -> 6048 | H20: =SUM(I20:BV20)/4 -> 2016 | I20: =SUM(J20:AO20)/3 -> 1008 | J20: =SUM(K20:Y20)/2 -> 504 | K20: =SUM(L20:O20) -> 168 | L20: 42 | M20: 42 | N20: 42 | O20: 42 | P20: =SUM(Q20:T20) -> 168 | Q20: 42 | R20: 42 | S20: 42 | T20: 42 | U20: =SUM(V20:Y20) -> 168 | V20: 42 | W20: 42 | X20: 42 | Y20: 42 | Z20: =SUM(AA20:AO20)/2 -> 504 | AA20: =SUM(AB20:AE20) -> 168 | AB20: 42 | AC20: 42 | AD20: 42 | AE20: 42 | AF20: =SUM(AG20:AJ20) -> 168 | AG20: 42 | AH20: 42 | AI20: 42 | AJ20: 42 | AK20: =SUM(AL20:AO20) -> 168 | AL20: 42 | AM20: 42 | AN20: 42 | AO20: 42 | AP20: =SUM(AQ20:BV20)/3 -> 1008 | AQ20: =SUM(AR20:BF20)/2 -> 504 | AR20: =SUM(AS20:AV20) -> 168 | AS20: 42 | AT20: 42 | AU20: 42 | AV20: 42 | AW20: =SUM(AX20:BA20) -> 168 | AX20: 42 | AY20: 42 | AZ20: 42 | BA20: 42 | BB20: =SUM(BC20:BF20) -> 168 | BC20: 42 | BD20: 42 | BE20: 42 | BF20: 42 | BG20: =SUM(BH20:BV20)/2 -> 504 | BH20: =SUM(BI20:BL20) -> 168 | BI20: 42 | BJ20: 42 | BK20: 42 | BL20: 42 | BM20: =SUM(BN20:BQ20) -> 168 | BN20: 42 | BO20: 42 | BP20: 42 | BQ20: 42 | BR20: =SUM(BS20:BV20) -> 168 | BS20: 42 | BT20: 42 | BU20: 42 | BV20: 42 | BW20: =SUM(BX20:EK20)/4 -> 2016 | BX20: =SUM(BY20:DD20)/3 -> 1008 | BY20: =SUM(BZ20:CN20)/2 -> 504 | BZ20: =SUM(CA20:CD20) -> 168 | CA20: 42 | CB20: 42 | CC20: 42 | CD20: 42 | CE20: =SUM(CF20:CI20) -> 168 | CF20: 42 | CG20: 42 | CH20: 42 | CI20: 42 | CJ20: =SUM(CK20:CN20) -> 168 | CK20: 42 | CL20: 42 | CM20: 42 | CN20: 42 | CO20: =SUM(CP20:DD20)/2 -> 504 | CP20: =SUM(CQ20:CT20) -> 168 | CQ20: 42 | CR20: 42 | CS20: 42 | CT20: 42 | CU20: =SUM(CV20:CY20) -> 168 | CV20: 42 | CW20: 42 | CX20: 42 | CY20: 42 | CZ20: =SUM(DA20:DD20) -> 168 | DA20: 42 | DB20: 42 | DC20: 42 | DD20: 42 | DE20: =SUM(DF20:EK20)/3 -> 1008 | DF20: =SUM(DG20:DU20)/2 -> 504 | DG20: =SUM(DH20:DK20) -> 168 | DH20: 42 | DI20: 42 | DJ20: 42 | DK20: 42 | DL20: =SUM(DM20:DP20) -> 168 | DM20: 42 | DN20: 42 | DO20: 42 | DP20: 42 | DQ20: =SUM(DR20:DU20) -> 168 | DR20: 42 | DS20: 42 | DT20: 42 | DU20: 42 | DV20: =SUM(DW20:EK20)/2 -> 504 | DW20: =SUM(DX20:EA20) -> 168 | DX20: 42 | DY20: 42 | DZ20: 42 | EA20: 42 | EB20: =SUM(EC20:EF20) -> 168 | EC20: 42 | ED20: 42 | EE20: 42 | EF20: 42 | EG20: =SUM(EH20:EK20) -> 168 | EH20: 42 | EI20: 42 | EJ20: 42 | EK20: 42 | EL20: =SUM(EM20:GZ20)/4 -> 2016 | EM20: =SUM(EN20:FS20)/3 -> 1008 | EN20: =SUM(EO20:FC20)/2 -> 504 | EO20: =SUM(EP20:ES20) -> 168 | EP20: 42 | EQ20: 42 | ER20: 42 | ES20: 42 | ET20: =SUM(EU20:EX20) -> 168 | EU20: 42 | EV20: 42 | EW20: 42 | EX20: 42 | EY20: =SUM(EZ20:FC20) -> 168 | EZ20: 42 | FA20: 42 | FB20: 42 | FC20: 42 | FD20: =SUM(FE20:FS20)/2 -> 504 | FE20: =SUM(FF20:FI20) -> 168 | FF20: 42 | FG20: 42 | FH20: 42 | FI20: 42 | FJ20: =SUM(FK20:FN20) -> 168 | FK20: 42 | FL20: 42 | FM20: 42 | FN20: 42 | FO20: =SUM(FP20:FS20) -> 168 | FP20: 42 | FQ20: 42 | FR20: 42 | FS20: 42 | FT20: =SUM(FU20:GZ20)/3 -> 1008 | FU20: =SUM(FV20:GJ20)/2 -> 504 | FV20: =SUM(FW20:FZ20) -> 168 | FW20: 42 | FX20: 42 | FY20: 42 | FZ20: 42 | GA20: =SUM(GB20:GE20) -> 168 | GB20: 42 | GC20: 42 | GD20: 42 | GE20: 42 | GF20: =SUM(GG20:GJ20) -> 168 | GG20: 42 | GH20: 42 | GI20: 42 | GJ20: 42 | GK20: =SUM(GL20:GZ20)/2 -> 504 | GL20: =SUM(GM20:GP20) -> 168 | GM20: 42 | GN20: 42 | GO20: 42 | GP20: 42 | GQ20: =SUM(GR20:GU20) -> 168 | GR20: 42 | GS20: 42 | GT20: 42 | GU20: 42 | GV20: =SUM(GW20:GZ20) -> 168 | GW20: 42 | GX20: 42 | GY20: 42 | GZ20: 42
E21: Fakt | G21: =SUM(H21:GZ21)/5 -> 4980 | H21: =SUM(I21:BV21)/4 -> 1660 | I21: =SUM(J21:AO21)/3 -> 830 | J21: =SUM(K21:Y21)/2 -> 439 | K21: =SUM(L21:O21) -> 141 | L21: 35 | M21: 34 | N21: 32 | O21: 40 | P21: =SUM(Q21:T21) -> 140 | Q21: 32 | R21: 34 | S21: 36 | T21: 38 | U21: =SUM(V21:Y21) -> 158 | V21: 38 | W21: 38 | X21: 40 | Y21: 42 | Z21: =SUM(AA21:AO21)/2 -> 391 | AA21: =SUM(AB21:AE21) -> 132 | AB21: 32 | AC21: 34 | AD21: 31 | AE21: 35 | AF21: =SUM(AG21:AJ21) -> 128 | AG21: 30 | AH21: 31 | AI21: 33 | AJ21: 34 | AK21: =SUM(AL21:AO21) -> 131 | AL21: 34 | AM21: 35 | AN21: 32 | AO21: 30 | AP21: =SUM(AQ21:BV21)/3 -> 830 | AQ21: =SUM(AR21:BF21)/2 -> 391 | AR21: =SUM(AS21:AV21) -> 131 | AS21: 34 | AT21: 35 | AU21: 32 | AV21: 30 | AW21: =SUM(AX21:BA21) -> 132 | AX21: 32 | AY21: 34 | AZ21: 31 | BA21: 35 | BB21: =SUM(BC21:BF21) -> 128 | BC21: 30 | BD21: 31 | BE21: 33 | BF21: 34 | BG21: =SUM(BH21:BV21)/2 -> 439 | BH21: =SUM(BI21:BL21) -> 140 | BI21: 32 | BJ21: 34 | BK21: 36 | BL21: 38 | BM21: =SUM(BN21:BQ21) -> 158 | BN21: 38 | BO21: 38 | BP21: 40 | BQ21: 42 | BR21: =SUM(BS21:BV21) -> 141 | BS21: 35 | BT21: 34 | BU21: 32 | BV21: 40 | BW21: =SUM(BX21:EK21)/4 -> 1660 | BX21: =SUM(BY21:DD21)/3 -> 830 | BY21: =SUM(BZ21:CN21)/2 -> 391 | BZ21: =SUM(CA21:CD21) -> 128 | CA21: 30 | CB21: 31 | CC21: 33 | CD21: 34 | CE21: =SUM(CF21:CI21) -> 131 | CF21: 34 | CG21: 35 | CH21: 32 | CI21: 30 | CJ21: =SUM(CK21:CN21) -> 132 | CK21: 32 | CL21: 34 | CM21: 31 | CN21: 35 | CO21: =SUM(CP21:DD21)/2 -> 439 | CP21: =SUM(CQ21:CT21) -> 141 | CQ21: 35 | CR21: 34 | CS21: 32 | CT21: 40 | CU21: =SUM(CV21:CY21) -> 140 | CV21: 32 | CW21: 34 | CX21: 36 | CY21: 38 | CZ21: =SUM(DA21:DD21) -> 158 | DA21: 38 | DB21: 38 | DC21: 40 | DD21: 42 | DE21: =SUM(DF21:EK21)/3 -> 830 | DF21: =SUM(DG21:DU21)/2 -> 439 | DG21: =SUM(DH21:DK21) -> 158 | DH21: 38 | DI21: 38 | DJ21: 40 | DK21: 42 | DL21: =SUM(DM21:DP21) -> 141 | DM21: 35 | DN21: 34 | DO21: 32 | DP21: 40 | DQ21: =SUM(DR21:DU21) -> 140 | DR21: 32 | DS21: 34 | DT21: 36 | DU21: 38 | DV21: =SUM(DW21:EK21)/2 -> 391 | DW21: =SUM(DX21:EA21) -> 131 | DX21: 34 | DY21: 35 | DZ21: 32 | EA21: 30 | EB21: =SUM(EC21:EF21) -> 128 | EC21: 30 | ED21: 31 | EE21: 33 | EF21: 34 | EG21: =SUM(EH21:EK21) -> 132 | EH21: 32 | EI21: 34 | EJ21: 31 | EK21: 35 | EL21: =SUM(EM21:GZ21)/4 -> 1660 | EM21: =SUM(EN21:FS21)/3 -> 830 | EN21: =SUM(EO21:FC21)/2 -> 391 | EO21: =SUM(EP21:ES21) -> 128 | EP21: 30 | EQ21: 31 | ER21: 33 | ES21: 34 | ET21: =SUM(EU21:EX21) -> 132 | EU21: 32 | EV21: 34 | EW21: 31 | EX21: 35 | EY21: =SUM(EZ21:FC21) -> 131 | EZ21: 34 | FA21: 35 | FB21: 32 | FC21: 30 | FD21: =SUM(FE21:FS21)/2 -> 439 | FE21: =SUM(FF21:FI21) -> 141 | FF21: 35 | FG21: 34 | FH21: 32 | FI21: 40 | FJ21: =SUM(FK21:FN21) -> 140 | FK21: 32 | FL21: 34 | FM21: 36 | FN21: 38 | FO21: =SUM(FP21:FS21) -> 158 | FP21: 38 | FQ21: 38 | FR21: 40 | FS21: 42 | FT21: =SUM(FU21:GZ21)/3 -> 830 | FU21: =SUM(FV21:GJ21)/2 -> 439 | FV21: =SUM(FW21:FZ21) -> 158 | FW21: 38 | FX21: 38 | FY21: 40 | FZ21: 42 | GA21: =SUM(GB21:GE21) -> 141 | GB21: 35 | GC21: 34 | GD21: 32 | GE21: 40 | GF21: =SUM(GG21:GJ21) -> 140 | GG21: 32 | GH21: 34 | GI21: 36 | GJ21: 38 | GK21: =SUM(GL21:GZ21)/2 -> 391 | GL21: =SUM(GM21:GP21) -> 132 | GM21: 32 | GN21: 34 | GO21: 31 | GP21: 35 | GQ21: =SUM(GR21:GU21) -> 128 | GR21: 30 | GS21: 31 | GT21: 33 | GU21: 34 | GV21: =SUM(GW21:GZ21) -> 131 | GW21: 34 | GX21: 35 | GY21: 32 | GZ21: 30
C22: 2 | D22: O'qiyotgan yangi o'quvchilar soni | E22: Reja | G22: =SUM(H22:GZ22)/5 -> 4032 | H22: =SUM(I22:BV22)/4 -> 1344 | I22: =SUM(J22:AO22)/3 -> 672 | J22: =SUM(K22:Y22)/2 -> 336 | K22: =SUM(L22:O22) -> 112 | L22: 28 | M22: 28 | N22: 28 | O22: 28 | P22: =SUM(Q22:T22) -> 112 | Q22: 28 | R22: 28 | S22: 28 | T22: 28 | U22: =SUM(V22:Y22) -> 112 | V22: 28 | W22: 28 | X22: 28 | Y22: 28 | Z22: =SUM(AA22:AO22)/2 -> 336 | AA22: =SUM(AB22:AE22) -> 112 | AB22: 28 | AC22: 28 | AD22: 28 | AE22: 28 | AF22: =SUM(AG22:AJ22) -> 112 | AG22: 28 | AH22: 28 | AI22: 28 | AJ22: 28 | AK22: =SUM(AL22:AO22) -> 112 | AL22: 28 | AM22: 28 | AN22: 28 | AO22: 28 | AP22: =SUM(AQ22:BV22)/3 -> 672 | AQ22: =SUM(AR22:BF22)/2 -> 336 | AR22: =SUM(AS22:AV22) -> 112 | AS22: 28 | AT22: 28 | AU22: 28 | AV22: 28 | AW22: =SUM(AX22:BA22) -> 112 | AX22: 28 | AY22: 28 | AZ22: 28 | BA22: 28 | BB22: =SUM(BC22:BF22) -> 112 | BC22: 28 | BD22: 28 | BE22: 28 | BF22: 28 | BG22: =SUM(BH22:BV22)/2 -> 336 | BH22: =SUM(BI22:BL22) -> 112 | BI22: 28 | BJ22: 28 | BK22: 28 | BL22: 28 | BM22: =SUM(BN22:BQ22) -> 112 | BN22: 28 | BO22: 28 | BP22: 28 | BQ22: 28 | BR22: =SUM(BS22:BV22) -> 112 | BS22: 28 | BT22: 28 | BU22: 28 | BV22: 28 | BW22: =SUM(BX22:EK22)/4 -> 1344 | BX22: =SUM(BY22:DD22)/3 -> 672 | BY22: =SUM(BZ22:CN22)/2 -> 336 | BZ22: =SUM(CA22:CD22) -> 112 | CA22: 28 | CB22: 28 | CC22: 28 | CD22: 28 | CE22: =SUM(CF22:CI22) -> 112 | CF22: 28 | CG22: 28 | CH22: 28 | CI22: 28 | CJ22: =SUM(CK22:CN22) -> 112 | CK22: 28 | CL22: 28 | CM22: 28 | CN22: 28 | CO22: =SUM(CP22:DD22)/2 -> 336 | CP22: =SUM(CQ22:CT22) -> 112 | CQ22: 28 | CR22: 28 | CS22: 28 | CT22: 28 | CU22: =SUM(CV22:CY22) -> 112 | CV22: 28 | CW22: 28 | CX22: 28 | CY22: 28 | CZ22: =SUM(DA22:DD22) -> 112 | DA22: 28 | DB22: 28 | DC22: 28 | DD22: 28 | DE22: =SUM(DF22:EK22)/3 -> 672 | DF22: =SUM(DG22:DU22)/2 -> 336 | DG22: =SUM(DH22:DK22) -> 112 | DH22: 28 | DI22: 28 | DJ22: 28 | DK22: 28 | DL22: =SUM(DM22:DP22) -> 112 | DM22: 28 | DN22: 28 | DO22: 28 | DP22: 28 | DQ22: =SUM(DR22:DU22) -> 112 | DR22: 28 | DS22: 28 | DT22: 28 | DU22: 28 | DV22: =SUM(DW22:EK22)/2 -> 336 | DW22: =SUM(DX22:EA22) -> 112 | DX22: 28 | DY22: 28 | DZ22: 28 | EA22: 28 | EB22: =SUM(EC22:EF22) -> 112 | EC22: 28 | ED22: 28 | EE22: 28 | EF22: 28 | EG22: =SUM(EH22:EK22) -> 112 | EH22: 28 | EI22: 28 | EJ22: 28 | EK22: 28 | EL22: =SUM(EM22:GZ22)/4 -> 1344 | EM22: =SUM(EN22:FS22)/3 -> 672 | EN22: =SUM(EO22:FC22)/2 -> 336 | EO22: =SUM(EP22:ES22) -> 112 | EP22: 28 | EQ22: 28 | ER22: 28 | ES22: 28 | ET22: =SUM(EU22:EX22) -> 112 | EU22: 28 | EV22: 28 | EW22: 28 | EX22: 28 | EY22: =SUM(EZ22:FC22) -> 112 | EZ22: 28 | FA22: 28 | FB22: 28 | FC22: 28 | FD22: =SUM(FE22:FS22)/2 -> 336 | FE22: =SUM(FF22:FI22) -> 112 | FF22: 28 | FG22: 28 | FH22: 28 | FI22: 28 | FJ22: =SUM(FK22:FN22) -> 112 | FK22: 28 | FL22: 28 | FM22: 28 | FN22: 28 | FO22: =SUM(FP22:FS22) -> 112 | FP22: 28 | FQ22: 28 | FR22: 28 | FS22: 28 | FT22: =SUM(FU22:GZ22)/3 -> 672 | FU22: =SUM(FV22:GJ22)/2 -> 336 | FV22: =SUM(FW22:FZ22) -> 112 | FW22: 28 | FX22: 28 | FY22: 28 | FZ22: 28 | GA22: =SUM(GB22:GE22) -> 112 | GB22: 28 | GC22: 28 | GD22: 28 | GE22: 28 | GF22: =SUM(GG22:GJ22) -> 112 | GG22: 28 | GH22: 28 | GI22: 28 | GJ22: 28 | GK22: =SUM(GL22:GZ22)/2 -> 336 | GL22: =SUM(GM22:GP22) -> 112 | GM22: 28 | GN22: 28 | GO22: 28 | GP22: 28 | GQ22: =SUM(GR22:GU22) -> 112 | GR22: 28 | GS22: 28 | GT22: 28 | GU22: 28 | GV22: =SUM(GW22:GZ22) -> 112 | GW22: 28 | GX22: 28 | GY22: 28 | GZ22: 28
E23: Fakt | G23: =SUM(H23:GZ23)/5 -> 3318 | H23: =SUM(I23:BV23)/4 -> 1106 | I23: =SUM(J23:AO23)/3 -> 553 | J23: =SUM(K23:Y23)/2 -> 308 | K23: =SUM(L23:O23) -> 97 | L23: 22 | M23: 24 | N23: 25 | O23: 26 | P23: =SUM(Q23:T23) -> 105 | Q23: 24 | R23: 26 | S23: 27 | T23: 28 | U23: =SUM(V23:Y23) -> 106 | V23: 28 | W23: 27 | X23: 25 | Y23: 26 | Z23: =SUM(AA23:AO23)/2 -> 245 | AA23: =SUM(AB23:AE23) -> 84 | AB23: 18 | AC23: 20 | AD23: 21 | AE23: 25 | AF23: =SUM(AG23:AJ23) -> 75 | AG23: 20 | AH23: 18 | AI23: 17 | AJ23: 20 | AK23: =SUM(AL23:AO23) -> 86 | AL23: 21 | AM23: 23 | AN23: 22 | AO23: 20 | AP23: =SUM(AQ23:BV23)/3 -> 553 | AQ23: =SUM(AR23:BF23)/2 -> 245 | AR23: =SUM(AS23:AV23) -> 86 | AS23: 21 | AT23: 23 | AU23: 22 | AV23: 20 | AW23: =SUM(AX23:BA23) -> 84 | AX23: 18 | AY23: 20 | AZ23: 21 | BA23: 25 | BB23: =SUM(BC23:BF23) -> 75 | BC23: 20 | BD23: 18 | BE23: 17 | BF23: 20 | BG23: =SUM(BH23:BV23)/2 -> 308 | BH23: =SUM(BI23:BL23) -> 105 | BI23: 24 | BJ23: 26 | BK23: 27 | BL23: 28 | BM23: =SUM(BN23:BQ23) -> 106 | BN23: 28 | BO23: 27 | BP23: 25 | BQ23: 26 | BR23: =SUM(BS23:BV23) -> 97 | BS23: 22 | BT23: 24 | BU23: 25 | BV23: 26 | BW23: =SUM(BX23:EK23)/4 -> 1106 | BX23: =SUM(BY23:DD23)/3 -> 553 | BY23: =SUM(BZ23:CN23)/2 -> 245 | BZ23: =SUM(CA23:CD23) -> 75 | CA23: 20 | CB23: 18 | CC23: 17 | CD23: 20 | CE23: =SUM(CF23:CI23) -> 86 | CF23: 21 | CG23: 23 | CH23: 22 | CI23: 20 | CJ23: =SUM(CK23:CN23) -> 84 | CK23: 18 | CL23: 20 | CM23: 21 | CN23: 25 | CO23: =SUM(CP23:DD23)/2 -> 308 | CP23: =SUM(CQ23:CT23) -> 97 | CQ23: 22 | CR23: 24 | CS23: 25 | CT23: 26 | CU23: =SUM(CV23:CY23) -> 105 | CV23: 24 | CW23: 26 | CX23: 27 | CY23: 28 | CZ23: =SUM(DA23:DD23) -> 106 | DA23: 28 | DB23: 27 | DC23: 25 | DD23: 26 | DE23: =SUM(DF23:EK23)/3 -> 553 | DF23: =SUM(DG23:DU23)/2 -> 308 | DG23: =SUM(DH23:DK23) -> 106 | DH23: 28 | DI23: 27 | DJ23: 25 | DK23: 26 | DL23: =SUM(DM23:DP23) -> 97 | DM23: 22 | DN23: 24 | DO23: 25 | DP23: 26 | DQ23: =SUM(DR23:DU23) -> 105 | DR23: 24 | DS23: 26 | DT23: 27 | DU23: 28 | DV23: =SUM(DW23:EK23)/2 -> 245 | DW23: =SUM(DX23:EA23) -> 86 | DX23: 21 | DY23: 23 | DZ23: 22 | EA23: 20 | EB23: =SUM(EC23:EF23) -> 75 | EC23: 20 | ED23: 18 | EE23: 17 | EF23: 20 | EG23: =SUM(EH23:EK23) -> 84 | EH23: 18 | EI23: 20 | EJ23: 21 | EK23: 25 | EL23: =SUM(EM23:GZ23)/4 -> 1106 | EM23: =SUM(EN23:FS23)/3 -> 553 | EN23: =SUM(EO23:FC23)/2 -> 245 | EO23: =SUM(EP23:ES23) -> 75 | EP23: 20 | EQ23: 18 | ER23: 17 | ES23: 20 | ET23: =SUM(EU23:EX23) -> 84 | EU23: 18 | EV23: 20 | EW23: 21 | EX23: 25 | EY23: =SUM(EZ23:FC23) -> 86 | EZ23: 21 | FA23: 23 | FB23: 22 | FC23: 20 | FD23: =SUM(FE23:FS23)/2 -> 308 | FE23: =SUM(FF23:FI23) -> 97 | FF23: 22 | FG23: 24 | FH23: 25 | FI23: 26 | FJ23: =SUM(FK23:FN23) -> 105 | FK23: 24 | FL23: 26 | FM23: 27 | FN23: 28 | FO23: =SUM(FP23:FS23) -> 106 | FP23: 28 | FQ23: 27 | FR23: 25 | FS23: 26 | FT23: =SUM(FU23:GZ23)/3 -> 553 | FU23: =SUM(FV23:GJ23)/2 -> 308 | FV23: =SUM(FW23:FZ23) -> 106 | FW23: 28 | FX23: 27 | FY23: 25 | FZ23: 26 | GA23: =SUM(GB23:GE23) -> 97 | GB23: 22 | GC23: 24 | GD23: 25 | GE23: 26 | GF23: =SUM(GG23:GJ23) -> 105 | GG23: 24 | GH23: 26 | GI23: 27 | GJ23: 28 | GK23: =SUM(GL23:GZ23)/2 -> 245 | GL23: =SUM(GM23:GP23) -> 84 | GM23: 18 | GN23: 20 | GO23: 21 | GP23: 25 | GQ23: =SUM(GR23:GU23) -> 75 | GR23: 20 | GS23: 18 | GT23: 17 | GU23: 20 | GV23: =SUM(GW23:GZ23) -> 86 | GW23: 21 | GX23: 23 | GY23: 22 | GZ23: 20
C24: 3 | D24: Sarafan orqali kelgan mijozlar soni | E24: Reja | G24: =SUM(H24:GZ24)/5 -> 2016 | H24: =SUM(I24:BV24)/4 -> 672 | I24: =SUM(J24:AO24)/3 -> 336 | J24: =SUM(K24:Y24)/2 -> 168 | K24: =SUM(L24:O24) -> 56 | L24: 14 | M24: 14 | N24: 14 | O24: 14 | P24: =SUM(Q24:T24) -> 56 | Q24: 14 | R24: 14 | S24: 14 | T24: 14 | U24: =SUM(V24:Y24) -> 56 | V24: 14 | W24: 14 | X24: 14 | Y24: 14 | Z24: =SUM(AA24:AO24)/2 -> 168 | AA24: =SUM(AB24:AE24) -> 56 | AB24: 14 | AC24: 14 | AD24: 14 | AE24: 14 | AF24: =SUM(AG24:AJ24) -> 56 | AG24: 14 | AH24: 14 | AI24: 14 | AJ24: 14 | AK24: =SUM(AL24:AO24) -> 56 | AL24: 14 | AM24: 14 | AN24: 14 | AO24: 14 | AP24: =SUM(AQ24:BV24)/3 -> 336 | AQ24: =SUM(AR24:BF24)/2 -> 168 | AR24: =SUM(AS24:AV24) -> 56 | AS24: 14 | AT24: 14 | AU24: 14 | AV24: 14 | AW24: =SUM(AX24:BA24) -> 56 | AX24: 14 | AY24: 14 | AZ24: 14 | BA24: 14 | BB24: =SUM(BC24:BF24) -> 56 | BC24: 14 | BD24: 14 | BE24: 14 | BF24: 14 | BG24: =SUM(BH24:BV24)/2 -> 168 | BH24: =SUM(BI24:BL24) -> 56 | BI24: 14 | BJ24: 14 | BK24: 14 | BL24: 14 | BM24: =SUM(BN24:BQ24) -> 56 | BN24: 14 | BO24: 14 | BP24: 14 | BQ24: 14 | BR24: =SUM(BS24:BV24) -> 56 | BS24: 14 | BT24: 14 | BU24: 14 | BV24: 14 | BW24: =SUM(BX24:EK24)/4 -> 672 | BX24: =SUM(BY24:DD24)/3 -> 336 | BY24: =SUM(BZ24:CN24)/2 -> 168 | BZ24: =SUM(CA24:CD24) -> 56 | CA24: 14 | CB24: 14 | CC24: 14 | CD24: 14 | CE24: =SUM(CF24:CI24) -> 56 | CF24: 14 | CG24: 14 | CH24: 14 | CI24: 14 | CJ24: =SUM(CK24:CN24) -> 56 | CK24: 14 | CL24: 14 | CM24: 14 | CN24: 14 | CO24: =SUM(CP24:DD24)/2 -> 168 | CP24: =SUM(CQ24:CT24) -> 56 | CQ24: 14 | CR24: 14 | CS24: 14 | CT24: 14 | CU24: =SUM(CV24:CY24) -> 56 | CV24: 14 | CW24: 14 | CX24: 14 | CY24: 14 | CZ24: =SUM(DA24:DD24) -> 56 | DA24: 14 | DB24: 14 | DC24: 14 | DD24: 14 | DE24: =SUM(DF24:EK24)/3 -> 336 | DF24: =SUM(DG24:DU24)/2 -> 168 | DG24: =SUM(DH24:DK24) -> 56 | DH24: 14 | DI24: 14 | DJ24: 14 | DK24: 14 | DL24: =SUM(DM24:DP24) -> 56 | DM24: 14 | DN24: 14 | DO24: 14 | DP24: 14 | DQ24: =SUM(DR24:DU24) -> 56 | DR24: 14 | DS24: 14 | DT24: 14 | DU24: 14 | DV24: =SUM(DW24:EK24)/2 -> 168 | DW24: =SUM(DX24:EA24) -> 56 | DX24: 14 | DY24: 14 | DZ24: 14 | EA24: 14 | EB24: =SUM(EC24:EF24) -> 56 | EC24: 14 | ED24: 14 | EE24: 14 | EF24: 14 | EG24: =SUM(EH24:EK24) -> 56 | EH24: 14 | EI24: 14 | EJ24: 14 | EK24: 14 | EL24: =SUM(EM24:GZ24)/4 -> 672 | EM24: =SUM(EN24:FS24)/3 -> 336 | EN24: =SUM(EO24:FC24)/2 -> 168 | EO24: =SUM(EP24:ES24) -> 56 | EP24: 14 | EQ24: 14 | ER24: 14 | ES24: 14 | ET24: =SUM(EU24:EX24) -> 56 | EU24: 14 | EV24: 14 | EW24: 14 | EX24: 14 | EY24: =SUM(EZ24:FC24) -> 56 | EZ24: 14 | FA24: 14 | FB24: 14 | FC24: 14 | FD24: =SUM(FE24:FS24)/2 -> 168 | FE24: =SUM(FF24:FI24) -> 56 | FF24: 14 | FG24: 14 | FH24: 14 | FI24: 14 | FJ24: =SUM(FK24:FN24) -> 56 | FK24: 14 | FL24: 14 | FM24: 14 | FN24: 14 | FO24: =SUM(FP24:FS24) -> 56 | FP24: 14 | FQ24: 14 | FR24: 14 | FS24: 14 | FT24: =SUM(FU24:GZ24)/3 -> 336 | FU24: =SUM(FV24:GJ24)/2 -> 168 | FV24: =SUM(FW24:FZ24) -> 56 | FW24: 14 | FX24: 14 | FY24: 14 | FZ24: 14 | GA24: =SUM(GB24:GE24) -> 56 | GB24: 14 | GC24: 14 | GD24: 14 | GE24: 14 | GF24: =SUM(GG24:GJ24) -> 56 | GG24: 14 | GH24: 14 | GI24: 14 | GJ24: 14 | GK24: =SUM(GL24:GZ24)/2 -> 168 | GL24: =SUM(GM24:GP24) -> 56 | GM24: 14 | GN24: 14 | GO24: 14 | GP24: 14 | GQ24: =SUM(GR24:GU24) -> 56 | GR24: 14 | GS24: 14 | GT24: 14 | GU24: 14 | GV24: =SUM(GW24:GZ24) -> 56 | GW24: 14 | GX24: 14 | GY24: 14 | GZ24: 14
E25: Fakt | G25: =SUM(H25:GZ25)/5 -> 1566 | H25: =SUM(I25:BV25)/4 -> 522 | I25: =SUM(J25:AO25)/3 -> 261 | J25: =SUM(K25:Y25)/2 -> 140 | K25: =SUM(L25:O25) -> 49 | L25: 10 | M25: 12 | N25: 13 | O25: 14 | P25: =SUM(Q25:T25) -> 37 | Q25: 10 | R25: 9 | S25: 8 | T25: 10 | U25: =SUM(V25:Y25) -> 54 | V25: 12 | W25: 13 | X25: 14 | Y25: 15 | Z25: =SUM(AA25:AO25)/2 -> 121 | AA25: =SUM(AB25:AE25) -> 39 | AB25: 9 | AC25: 8 | AD25: 10 | AE25: 12 | AF25: =SUM(AG25:AJ25) -> 43 | AG25: 11 | AH25: 13 | AI25: 9 | AJ25: 10 | AK25: =SUM(AL25:AO25) -> 39 | AL25: 10 | AM25: 9 | AN25: 8 | AO25: 12 | AP25: =SUM(AQ25:BV25)/3 -> 261 | AQ25: =SUM(AR25:BF25)/2 -> 121 | AR25: =SUM(AS25:AV25) -> 39 | AS25: 10 | AT25: 9 | AU25: 8 | AV25: 12 | AW25: =SUM(AX25:BA25) -> 39 | AX25: 9 | AY25: 8 | AZ25: 10 | BA25: 12 | BB25: =SUM(BC25:BF25) -> 43 | BC25: 11 | BD25: 13 | BE25: 9 | BF25: 10 | BG25: =SUM(BH25:BV25)/2 -> 140 | BH25: =SUM(BI25:BL25) -> 37 | BI25: 10 | BJ25: 9 | BK25: 8 | BL25: 10 | BM25: =SUM(BN25:BQ25) -> 54 | BN25: 12 | BO25: 13 | BP25: 14 | BQ25: 15 | BR25: =SUM(BS25:BV25) -> 49 | BS25: 10 | BT25: 12 | BU25: 13 | BV25: 14 | BW25: =SUM(BX25:EK25)/4 -> 522 | BX25: =SUM(BY25:DD25)/3 -> 261 | BY25: =SUM(BZ25:CN25)/2 -> 121 | BZ25: =SUM(CA25:CD25) -> 43 | CA25: 11 | CB25: 13 | CC25: 9 | CD25: 10 | CE25: =SUM(CF25:CI25) -> 39 | CF25: 10 | CG25: 9 | CH25: 8 | CI25: 12 | CJ25: =SUM(CK25:CN25) -> 39 | CK25: 9 | CL25: 8 | CM25: 10 | CN25: 12 | CO25: =SUM(CP25:DD25)/2 -> 140 | CP25: =SUM(CQ25:CT25) -> 49 | CQ25: 10 | CR25: 12 | CS25: 13 | CT25: 14 | CU25: =SUM(CV25:CY25) -> 37 | CV25: 10 | CW25: 9 | CX25: 8 | CY25: 10 | CZ25: =SUM(DA25:DD25) -> 54 | DA25: 12 | DB25: 13 | DC25: 14 | DD25: 15 | DE25: =SUM(DF25:EK25)/3 -> 261 | DF25: =SUM(DG25:DU25)/2 -> 140 | DG25: =SUM(DH25:DK25) -> 54 | DH25: 12 | DI25: 13 | DJ25: 14 | DK25: 15 | DL25: =SUM(DM25:DP25) -> 49 | DM25: 10 | DN25: 12 | DO25: 13 | DP25: 14 | DQ25: =SUM(DR25:DU25) -> 37 | DR25: 10 | DS25: 9 | DT25: 8 | DU25: 10 | DV25: =SUM(DW25:EK25)/2 -> 121 | DW25: =SUM(DX25:EA25) -> 39 | DX25: 10 | DY25: 9 | DZ25: 8 | EA25: 12 | EB25: =SUM(EC25:EF25) -> 43 | EC25: 11 | ED25: 13 | EE25: 9 | EF25: 10 | EG25: =SUM(EH25:EK25) -> 39 | EH25: 9 | EI25: 8 | EJ25: 10 | EK25: 12 | EL25: =SUM(EM25:GZ25)/4 -> 522 | EM25: =SUM(EN25:FS25)/3 -> 261 | EN25: =SUM(EO25:FC25)/2 -> 121 | EO25: =SUM(EP25:ES25) -> 43 | EP25: 11 | EQ25: 13 | ER25: 9 | ES25: 10 | ET25: =SUM(EU25:EX25) -> 39 | EU25: 9 | EV25: 8 | EW25: 10 | EX25: 12 | EY25: =SUM(EZ25:FC25) -> 39 | EZ25: 10 | FA25: 9 | FB25: 8 | FC25: 12 | FD25: =SUM(FE25:FS25)/2 -> 140 | FE25: =SUM(FF25:FI25) -> 49 | FF25: 10 | FG25: 12 | FH25: 13 | FI25: 14 | FJ25: =SUM(FK25:FN25) -> 37 | FK25: 10 | FL25: 9 | FM25: 8 | FN25: 10 | FO25: =SUM(FP25:FS25) -> 54 | FP25: 12 | FQ25: 13 | FR25: 14 | FS25: 15 | FT25: =SUM(FU25:GZ25)/3 -> 261 | FU25: =SUM(FV25:GJ25)/2 -> 140 | FV25: =SUM(FW25:FZ25) -> 54 | FW25: 12 | FX25: 13 | FY25: 14 | FZ25: 15 | GA25: =SUM(GB25:GE25) -> 49 | GB25: 10 | GC25: 12 | GD25: 13 | GE25: 14 | GF25: =SUM(GG25:GJ25) -> 37 | GG25: 10 | GH25: 9 | GI25: 8 | GJ25: 10 | GK25: =SUM(GL25:GZ25)/2 -> 121 | GL25: =SUM(GM25:GP25) -> 39 | GM25: 9 | GN25: 8 | GO25: 10 | GP25: 12 | GQ25: =SUM(GR25:GU25) -> 43 | GR25: 11 | GS25: 13 | GT25: 9 | GU25: 10 | GV25: =SUM(GW25:GZ25) -> 39 | GW25: 10 | GX25: 9 | GY25: 8 | GZ25: 12
C26: 4 | D26: O'qiyotgan umumiy o'quvchilar soni | E26: Reja | G26: =SUM(H26:GZ26)/5 -> 7200 | H26: =SUM(I26:BV26)/4 -> 2400 | I26: =SUM(J26:AO26)/3 -> 1200 | J26: =SUM(K26:Y26)/2 -> 600 | K26: =SUM(L26:O26) -> 200 | L26: 50 | M26: 50 | N26: 50 | O26: 50 | P26: =SUM(Q26:T26) -> 200 | Q26: 50 | R26: 50 | S26: 50 | T26: 50 | U26: =SUM(V26:Y26) -> 200 | V26: 50 | W26: 50 | X26: 50 | Y26: 50 | Z26: =SUM(AA26:AO26)/2 -> 600 | AA26: =SUM(AB26:AE26) -> 200 | AB26: 50 | AC26: 50 | AD26: 50 | AE26: 50 | AF26: =SUM(AG26:AJ26) -> 200 | AG26: 50 | AH26: 50 | AI26: 50 | AJ26: 50 | AK26: =SUM(AL26:AO26) -> 200 | AL26: 50 | AM26: 50 | AN26: 50 | AO26: 50 | AP26: =SUM(AQ26:BV26)/3 -> 1200 | AQ26: =SUM(AR26:BF26)/2 -> 600 | AR26: =SUM(AS26:AV26) -> 200 | AS26: 50 | AT26: 50 | AU26: 50 | AV26: 50 | AW26: =SUM(AX26:BA26) -> 200 | AX26: 50 | AY26: 50 | AZ26: 50 | BA26: 50 | BB26: =SUM(BC26:BF26) -> 200 | BC26: 50 | BD26: 50 | BE26: 50 | BF26: 50 | BG26: =SUM(BH26:BV26)/2 -> 600 | BH26: =SUM(BI26:BL26) -> 200 | BI26: 50 | BJ26: 50 | BK26: 50 | BL26: 50 | BM26: =SUM(BN26:BQ26) -> 200 | BN26: 50 | BO26: 50 | BP26: 50 | BQ26: 50 | BR26: =SUM(BS26:BV26) -> 200 | BS26: 50 | BT26: 50 | BU26: 50 | BV26: 50 | BW26: =SUM(BX26:EK26)/4 -> 2400 | BX26: =SUM(BY26:DD26)/3 -> 1200 | BY26: =SUM(BZ26:CN26)/2 -> 600 | BZ26: =SUM(CA26:CD26) -> 200 | CA26: 50 | CB26: 50 | CC26: 50 | CD26: 50 | CE26: =SUM(CF26:CI26) -> 200 | CF26: 50 | CG26: 50 | CH26: 50 | CI26: 50 | CJ26: =SUM(CK26:CN26) -> 200 | CK26: 50 | CL26: 50 | CM26: 50 | CN26: 50 | CO26: =SUM(CP26:DD26)/2 -> 600 | CP26: =SUM(CQ26:CT26) -> 200 | CQ26: 50 | CR26: 50 | CS26: 50 | CT26: 50 | CU26: =SUM(CV26:CY26) -> 200 | CV26: 50 | CW26: 50 | CX26: 50 | CY26: 50 | CZ26: =SUM(DA26:DD26) -> 200 | DA26: 50 | DB26: 50 | DC26: 50 | DD26: 50 | DE26: =SUM(DF26:EK26)/3 -> 1200 | DF26: =SUM(DG26:DU26)/2 -> 600 | DG26: =SUM(DH26:DK26) -> 200 | DH26: 50 | DI26: 50 | DJ26: 50 | DK26: 50 | DL26: =SUM(DM26:DP26) -> 200 | DM26: 50 | DN26: 50 | DO26: 50 | DP26: 50 | DQ26: =SUM(DR26:DU26) -> 200 | DR26: 50 | DS26: 50 | DT26: 50 | DU26: 50 | DV26: =SUM(DW26:EK26)/2 -> 600 | DW26: =SUM(DX26:EA26) -> 200 | DX26: 50 | DY26: 50 | DZ26: 50 | EA26: 50 | EB26: =SUM(EC26:EF26) -> 200 | EC26: 50 | ED26: 50 | EE26: 50 | EF26: 50 | EG26: =SUM(EH26:EK26) -> 200 | EH26: 50 | EI26: 50 | EJ26: 50 | EK26: 50 | EL26: =SUM(EM26:GZ26)/4 -> 2400 | EM26: =SUM(EN26:FS26)/3 -> 1200 | EN26: =SUM(EO26:FC26)/2 -> 600 | EO26: =SUM(EP26:ES26) -> 200 | EP26: 50 | EQ26: 50 | ER26: 50 | ES26: 50 | ET26: =SUM(EU26:EX26) -> 200 | EU26: 50 | EV26: 50 | EW26: 50 | EX26: 50 | EY26: =SUM(EZ26:FC26) -> 200 | EZ26: 50 | FA26: 50 | FB26: 50 | FC26: 50 | FD26: =SUM(FE26:FS26)/2 -> 600 | FE26: =SUM(FF26:FI26) -> 200 | FF26: 50 | FG26: 50 | FH26: 50 | FI26: 50 | FJ26: =SUM(FK26:FN26) -> 200 | FK26: 50 | FL26: 50 | FM26: 50 | FN26: 50 | FO26: =SUM(FP26:FS26) -> 200 | FP26: 50 | FQ26: 50 | FR26: 50 | FS26: 50 | FT26: =SUM(FU26:GZ26)/3 -> 1200 | FU26: =SUM(FV26:GJ26)/2 -> 600 | FV26: =SUM(FW26:FZ26) -> 200 | FW26: 50 | FX26: 50 | FY26: 50 | FZ26: 50 | GA26: =SUM(GB26:GE26) -> 200 | GB26: 50 | GC26: 50 | GD26: 50 | GE26: 50 | GF26: =SUM(GG26:GJ26) -> 200 | GG26: 50 | GH26: 50 | GI26: 50 | GJ26: 50 | GK26: =SUM(GL26:GZ26)/2 -> 600 | GL26: =SUM(GM26:GP26) -> 200 | GM26: 50 | GN26: 50 | GO26: 50 | GP26: 50 | GQ26: =SUM(GR26:GU26) -> 200 | GR26: 50 | GS26: 50 | GT26: 50 | GU26: 50 | GV26: =SUM(GW26:GZ26) -> 200 | GW26: 50 | GX26: 50 | GY26: 50 | GZ26: 50
E27: Fakt | G27: =SUM(H27:GZ27)/5 -> 6450 | H27: =SUM(I27:BV27)/4 -> 2150 | I27: =SUM(J27:AO27)/3 -> 1075 | J27: =SUM(K27:Y27)/2 -> 567 | K27: =SUM(L27:O27) -> 186 | L27: 45 | M27: 46 | N27: 47 | O27: 48 | P27: =SUM(Q27:T27) -> 179 | Q27: 42 | R27: 45 | S27: 44 | T27: 48 | U27: =SUM(V27:Y27) -> 202 | V27: 49 | W27: 50 | X27: 51 | Y27: 52 | Z27: =SUM(AA27:AO27)/2 -> 508 | AA27: =SUM(AB27:AE27) -> 170 | AB27: 40 | AC27: 42 | AD27: 43 | AE27: 45 | AF27: =SUM(AG27:AJ27) -> 168 | AG27: 41 | AH27: 45 | AI27: 42 | AJ27: 40 | AK27: =SUM(AL27:AO27) -> 170 | AL27: 39 | AM27: 40 | AN27: 45 | AO27: 46 | AP27: =SUM(AQ27:BV27)/3 -> 1075 | AQ27: =SUM(AR27:BF27)/2 -> 508 | AR27: =SUM(AS27:AV27) -> 170 | AS27: 39 | AT27: 40 | AU27: 45 | AV27: 46 | AW27: =SUM(AX27:BA27) -> 170 | AX27: 40 | AY27: 42 | AZ27: 43 | BA27: 45 | BB27: =SUM(BC27:BF27) -> 168 | BC27: 41 | BD27: 45 | BE27: 42 | BF27: 40 | BG27: =SUM(BH27:BV27)/2 -> 567 | BH27: =SUM(BI27:BL27) -> 179 | BI27: 42 | BJ27: 45 | BK27: 44 | BL27: 48 | BM27: =SUM(BN27:BQ27) -> 202 | BN27: 49 | BO27: 50 | BP27: 51 | BQ27: 52 | BR27: =SUM(BS27:BV27) -> 186 | BS27: 45 | BT27: 46 | BU27: 47 | BV27: 48 | BW27: =SUM(BX27:EK27)/4 -> 2150 | BX27: =SUM(BY27:DD27)/3 -> 1075 | BY27: =SUM(BZ27:CN27)/2 -> 508 | BZ27: =SUM(CA27:CD27) -> 168 | CA27: 41 | CB27: 45 | CC27: 42 | CD27: 40 | CE27: =SUM(CF27:CI27) -> 170 | CF27: 39 | CG27: 40 | CH27: 45 | CI27: 46 | CJ27: =SUM(CK27:CN27) -> 170 | CK27: 40 | CL27: 42 | CM27: 43 | CN27: 45 | CO27: =SUM(CP27:DD27)/2 -> 567 | CP27: =SUM(CQ27:CT27) -> 186 | CQ27: 45 | CR27: 46 | CS27: 47 | CT27: 48 | CU27: =SUM(CV27:CY27) -> 179 | CV27: 42 | CW27: 45 | CX27: 44 | CY27: 48 | CZ27: =SUM(DA27:DD27) -> 202 | DA27: 49 | DB27: 50 | DC27: 51 | DD27: 52 | DE27: =SUM(DF27:EK27)/3 -> 1075 | DF27: =SUM(DG27:DU27)/2 -> 567 | DG27: =SUM(DH27:DK27) -> 202 | DH27: 49 | DI27: 50 | DJ27: 51 | DK27: 52 | DL27: =SUM(DM27:DP27) -> 186 | DM27: 45 | DN27: 46 | DO27: 47 | DP27: 48 | DQ27: =SUM(DR27:DU27) -> 179 | DR27: 42 | DS27: 45 | DT27: 44 | DU27: 48 | DV27: =SUM(DW27:EK27)/2 -> 508 | DW27: =SUM(DX27:EA27) -> 170 | DX27: 39 | DY27: 40 | DZ27: 45 | EA27: 46 | EB27: =SUM(EC27:EF27) -> 168 | EC27: 41 | ED27: 45 | EE27: 42 | EF27: 40 | EG27: =SUM(EH27:EK27) -> 170 | EH27: 40 | EI27: 42 | EJ27: 43 | EK27: 45 | EL27: =SUM(EM27:GZ27)/4 -> 2150 | EM27: =SUM(EN27:FS27)/3 -> 1075 | EN27: =SUM(EO27:FC27)/2 -> 508 | EO27: =SUM(EP27:ES27) -> 168 | EP27: 41 | EQ27: 45 | ER27: 42 | ES27: 40 | ET27: =SUM(EU27:EX27) -> 170 | EU27: 40 | EV27: 42 | EW27: 43 | EX27: 45 | EY27: =SUM(EZ27:FC27) -> 170 | EZ27: 39 | FA27: 40 | FB27: 45 | FC27: 46 | FD27: =SUM(FE27:FS27)/2 -> 567 | FE27: =SUM(FF27:FI27) -> 186 | FF27: 45 | FG27: 46 | FH27: 47 | FI27: 48 | FJ27: =SUM(FK27:FN27) -> 179 | FK27: 42 | FL27: 45 | FM27: 44 | FN27: 48 | FO27: =SUM(FP27:FS27) -> 202 | FP27: 49 | FQ27: 50 | FR27: 51 | FS27: 52 | FT27: =SUM(FU27:GZ27)/3 -> 1075 | FU27: =SUM(FV27:GJ27)/2 -> 567 | FV27: =SUM(FW27:FZ27) -> 202 | FW27: 49 | FX27: 50 | FY27: 51 | FZ27: 52 | GA27: =SUM(GB27:GE27) -> 186 | GB27: 45 | GC27: 46 | GD27: 47 | GE27: 48 | GF27: =SUM(GG27:GJ27) -> 179 | GG27: 42 | GH27: 45 | GI27: 44 | GJ27: 48 | GK27: =SUM(GL27:GZ27)/2 -> 508 | GL27: =SUM(GM27:GP27) -> 170 | GM27: 40 | GN27: 42 | GO27: 43 | GP27: 45 | GQ27: =SUM(GR27:GU27) -> 168 | GR27: 41 | GS27: 45 | GT27: 42 | GU27: 40 | GV27: =SUM(GW27:GZ27) -> 170 | GW27: 39 | GX27: 40 | GY27: 45 | GZ27: 46
B28: Moliya | C28: 1 | D28: Daromadlar | E28: Reja | G28: =SUM(H28:GZ28)/5 -> 1008000000 | H28: =SUM(I28:BV28)/4 -> 336000000 | I28: =SUM(J28:AO28)/3 -> 168000000 | J28: =SUM(K28:Y28)/2 -> 84000000 | K28: =SUM(L28:O28) -> 28000000 | L28: 7000000 | M28: 7000000 | N28: 7000000 | O28: 7000000 | P28: =SUM(Q28:T28) -> 28000000 | Q28: 7000000 | R28: 7000000 | S28: 7000000 | T28: 7000000 | U28: =SUM(V28:Y28) -> 28000000 | V28: 7000000 | W28: 7000000 | X28: 7000000 | Y28: 7000000 | Z28: =SUM(AA28:AO28)/2 -> 84000000 | AA28: =SUM(AB28:AE28) -> 28000000 | AB28: 7000000 | AC28: 7000000 | AD28: 7000000 | AE28: 7000000 | AF28: =SUM(AG28:AJ28) -> 28000000 | AG28: 7000000 | AH28: 7000000 | AI28: 7000000 | AJ28: 7000000 | AK28: =SUM(AL28:AO28) -> 28000000 | AL28: 7000000 | AM28: 7000000 | AN28: 7000000 | AO28: 7000000 | AP28: =SUM(AQ28:BV28)/3 -> 168000000 | AQ28: =SUM(AR28:BF28)/2 -> 84000000 | AR28: =SUM(AS28:AV28) -> 28000000 | AS28: 7000000 | AT28: 7000000 | AU28: 7000000 | AV28: 7000000 | AW28: =SUM(AX28:BA28) -> 28000000 | AX28: 7000000 | AY28: 7000000 | AZ28: 7000000 | BA28: 7000000 | BB28: =SUM(BC28:BF28) -> 28000000 | BC28: 7000000 | BD28: 7000000 | BE28: 7000000 | BF28: 7000000 | BG28: =SUM(BH28:BV28)/2 -> 84000000 | BH28: =SUM(BI28:BL28) -> 28000000 | BI28: 7000000 | BJ28: 7000000 | BK28: 7000000 | BL28: 7000000 | BM28: =SUM(BN28:BQ28) -> 28000000 | BN28: 7000000 | BO28: 7000000 | BP28: 7000000 | BQ28: 7000000 | BR28: =SUM(BS28:BV28) -> 28000000 | BS28: 7000000 | BT28: 7000000 | BU28: 7000000 | BV28: 7000000 | BW28: =SUM(BX28:EK28)/4 -> 336000000 | BX28: =SUM(BY28:DD28)/3 -> 168000000 | BY28: =SUM(BZ28:CN28)/2 -> 84000000 | BZ28: =SUM(CA28:CD28) -> 28000000 | CA28: 7000000 | CB28: 7000000 | CC28: 7000000 | CD28: 7000000 | CE28: =SUM(CF28:CI28) -> 28000000 | CF28: 7000000 | CG28: 7000000 | CH28: 7000000 | CI28: 7000000 | CJ28: =SUM(CK28:CN28) -> 28000000 | CK28: 7000000 | CL28: 7000000 | CM28: 7000000 | CN28: 7000000 | CO28: =SUM(CP28:DD28)/2 -> 84000000 | CP28: =SUM(CQ28:CT28) -> 28000000 | CQ28: 7000000 | CR28: 7000000 | CS28: 7000000 | CT28: 7000000 | CU28: =SUM(CV28:CY28) -> 28000000 | CV28: 7000000 | CW28: 7000000 | CX28: 7000000 | CY28: 7000000 | CZ28: =SUM(DA28:DD28) -> 28000000 | DA28: 7000000 | DB28: 7000000 | DC28: 7000000 | DD28: 7000000 | DE28: =SUM(DF28:EK28)/3 -> 168000000 | DF28: =SUM(DG28:DU28)/2 -> 84000000 | DG28: =SUM(DH28:DK28) -> 28000000 | DH28: 7000000 | DI28: 7000000 | DJ28: 7000000 | DK28: 7000000 | DL28: =SUM(DM28:DP28) -> 28000000 | DM28: 7000000 | DN28: 7000000 | DO28: 7000000 | DP28: 7000000 | DQ28: =SUM(DR28:DU28) -> 28000000 | DR28: 7000000 | DS28: 7000000 | DT28: 7000000 | DU28: 7000000 | DV28: =SUM(DW28:EK28)/2 -> 84000000 | DW28: =SUM(DX28:EA28) -> 28000000 | DX28: 7000000 | DY28: 7000000 | DZ28: 7000000 | EA28: 7000000 | EB28: =SUM(EC28:EF28) -> 28000000 | EC28: 7000000 | ED28: 7000000 | EE28: 7000000 | EF28: 7000000 | EG28: =SUM(EH28:EK28) -> 28000000 | EH28: 7000000 | EI28: 7000000 | EJ28: 7000000 | EK28: 7000000 | EL28: =SUM(EM28:GZ28)/4 -> 336000000 | EM28: =SUM(EN28:FS28)/3 -> 168000000 | EN28: =SUM(EO28:FC28)/2 -> 84000000 | EO28: =SUM(EP28:ES28) -> 28000000 | EP28: 7000000 | EQ28: 7000000 | ER28: 7000000 | ES28: 7000000 | ET28: =SUM(EU28:EX28) -> 28000000 | EU28: 7000000 | EV28: 7000000 | EW28: 7000000 | EX28: 7000000 | EY28: =SUM(EZ28:FC28) -> 28000000 | EZ28: 7000000 | FA28: 7000000 | FB28: 7000000 | FC28: 7000000 | FD28: =SUM(FE28:FS28)/2 -> 84000000 | FE28: =SUM(FF28:FI28) -> 28000000 | FF28: 7000000 | FG28: 7000000 | FH28: 7000000 | FI28: 7000000 | FJ28: =SUM(FK28:FN28) -> 28000000 | FK28: 7000000 | FL28: 7000000 | FM28: 7000000 | FN28: 7000000 | FO28: =SUM(FP28:FS28) -> 28000000 | FP28: 7000000 | FQ28: 7000000 | FR28: 7000000 | FS28: 7000000 | FT28: =SUM(FU28:GZ28)/3 -> 168000000 | FU28: =SUM(FV28:GJ28)/2 -> 84000000 | FV28: =SUM(FW28:FZ28) -> 28000000 | FW28: 7000000 | FX28: 7000000 | FY28: 7000000 | FZ28: 7000000 | GA28: =SUM(GB28:GE28) -> 28000000 | GB28: 7000000 | GC28: 7000000 | GD28: 7000000 | GE28: 7000000 | GF28: =SUM(GG28:GJ28) -> 28000000 | GG28: 7000000 | GH28: 7000000 | GI28: 7000000 | GJ28: 7000000 | GK28: =SUM(GL28:GZ28)/2 -> 84000000 | GL28: =SUM(GM28:GP28) -> 28000000 | GM28: 7000000 | GN28: 7000000 | GO28: 7000000 | GP28: 7000000 | GQ28: =SUM(GR28:GU28) -> 28000000 | GR28: 7000000 | GS28: 7000000 | GT28: 7000000 | GU28: 7000000 | GV28: =SUM(GW28:GZ28) -> 28000000 | GW28: 7000000 | GX28: 7000000 | GY28: 7000000 | GZ28: 7000000
E29: Fakt | G29: =SUM(H29:GZ29)/5 -> 926400000 | H29: =SUM(I29:BV29)/4 -> 308800000 | I29: =SUM(J29:AO29)/3 -> 154400000 | J29: =SUM(K29:Y29)/2 -> 82000000 | K29: =SUM(L29:O29) -> 26800000 | L29: 6500000 | M29: 6700000 | N29: 6600000 | O29: 7000000 | P29: =SUM(Q29:T29) -> 27150000 | Q29: 6600000 | R29: 6800000 | S29: 6850000 | T29: 6900000 | U29: =SUM(V29:Y29) -> 28050000 | V29: 7000000 | W29: 6900000 | X29: 7050000 | Y29: 7100000 | Z29: =SUM(AA29:AO29)/2 -> 72400000 | AA29: =SUM(AB29:AE29) -> 23800000 | AB29: 6000000 | AC29: 5900000 | AD29: 5800000 | AE29: 6100000 | AF29: =SUM(AG29:AJ29) -> 24900000 | AG29: 6200000 | AH29: 6150000 | AI29: 6250000 | AJ29: 6300000 | AK29: =SUM(AL29:AO29) -> 23700000 | AL29: 5950000 | AM29: 5850000 | AN29: 5800000 | AO29: 6100000 | AP29: =SUM(AQ29:BV29)/3 -> 154400000 | AQ29: =SUM(AR29:BF29)/2 -> 72400000 | AR29: =SUM(AS29:AV29) -> 23700000 | AS29: 5950000 | AT29: 5850000 | AU29: 5800000 | AV29: 6100000 | AW29: =SUM(AX29:BA29) -> 23800000 | AX29: 6000000 | AY29: 5900000 | AZ29: 5800000 | BA29: 6100000 | BB29: =SUM(BC29:BF29) -> 24900000 | BC29: 6200000 | BD29: 6150000 | BE29: 6250000 | BF29: 6300000 | BG29: =SUM(BH29:BV29)/2 -> 82000000 | BH29: =SUM(BI29:BL29) -> 27150000 | BI29: 6600000 | BJ29: 6800000 | BK29: 6850000 | BL29: 6900000 | BM29: =SUM(BN29:BQ29) -> 28050000 | BN29: 7000000 | BO29: 6900000 | BP29: 7050000 | BQ29: 7100000 | BR29: =SUM(BS29:BV29) -> 26800000 | BS29: 6500000 | BT29: 6700000 | BU29: 6600000 | BV29: 7000000 | BW29: =SUM(BX29:EK29)/4 -> 308800000 | BX29: =SUM(BY29:DD29)/3 -> 154400000 | BY29: =SUM(BZ29:CN29)/2 -> 72400000 | BZ29: =SUM(CA29:CD29) -> 24900000 | CA29: 6200000 | CB29: 6150000 | CC29: 6250000 | CD29: 6300000 | CE29: =SUM(CF29:CI29) -> 23700000 | CF29: 5950000 | CG29: 5850000 | CH29: 5800000 | CI29: 6100000 | CJ29: =SUM(CK29:CN29) -> 23800000 | CK29: 6000000 | CL29: 5900000 | CM29: 5800000 | CN29: 6100000 | CO29: =SUM(CP29:DD29)/2 -> 82000000 | CP29: =SUM(CQ29:CT29) -> 26800000 | CQ29: 6500000 | CR29: 6700000 | CS29: 6600000 | CT29: 7000000 | CU29: =SUM(CV29:CY29) -> 27150000 | CV29: 6600000 | CW29: 6800000 | CX29: 6850000 | CY29: 6900000 | CZ29: =SUM(DA29:DD29) -> 28050000 | DA29: 7000000 | DB29: 6900000 | DC29: 7050000 | DD29: 7100000 | DE29: =SUM(DF29:EK29)/3 -> 154400000 | DF29: =SUM(DG29:DU29)/2 -> 82000000 | DG29: =SUM(DH29:DK29) -> 28050000 | DH29: 7000000 | DI29: 6900000 | DJ29: 7050000 | DK29: 7100000 | DL29: =SUM(DM29:DP29) -> 26800000 | DM29: 6500000 | DN29: 6700000 | DO29: 6600000 | DP29: 7000000 | DQ29: =SUM(DR29:DU29) -> 27150000 | DR29: 6600000 | DS29: 6800000 | DT29: 6850000 | DU29: 6900000 | DV29: =SUM(DW29:EK29)/2 -> 72400000 | DW29: =SUM(DX29:EA29) -> 23700000 | DX29: 5950000 | DY29: 5850000 | DZ29: 5800000 | EA29: 6100000 | EB29: =SUM(EC29:EF29) -> 24900000 | EC29: 6200000 | ED29: 6150000 | EE29: 6250000 | EF29: 6300000 | EG29: =SUM(EH29:EK29) -> 23800000 | EH29: 6000000 | EI29: 5900000 | EJ29: 5800000 | EK29: 6100000 | EL29: =SUM(EM29:GZ29)/4 -> 308800000 | EM29: =SUM(EN29:FS29)/3 -> 154400000 | EN29: =SUM(EO29:FC29)/2 -> 72400000 | EO29: =SUM(EP29:ES29) -> 24900000 | EP29: 6200000 | EQ29: 6150000 | ER29: 6250000 | ES29: 6300000 | ET29: =SUM(EU29:EX29) -> 23800000 | EU29: 6000000 | EV29: 5900000 | EW29: 5800000 | EX29: 6100000 | EY29: =SUM(EZ29:FC29) -> 23700000 | EZ29: 5950000 | FA29: 5850000 | FB29: 5800000 | FC29: 6100000 | FD29: =SUM(FE29:FS29)/2 -> 82000000 | FE29: =SUM(FF29:FI29) -> 26800000 | FF29: 6500000 | FG29: 6700000 | FH29: 6600000 | FI29: 7000000 | FJ29: =SUM(FK29:FN29) -> 27150000 | FK29: 6600000 | FL29: 6800000 | FM29: 6850000 | FN29: 6900000 | FO29: =SUM(FP29:FS29) -> 28050000 | FP29: 7000000 | FQ29: 6900000 | FR29: 7050000 | FS29: 7100000 | FT29: =SUM(FU29:GZ29)/3 -> 154400000 | FU29: =SUM(FV29:GJ29)/2 -> 82000000 | FV29: =SUM(FW29:FZ29) -> 28050000 | FW29: 7000000 | FX29: 6900000 | FY29: 7050000 | FZ29: 7100000 | GA29: =SUM(GB29:GE29) -> 26800000 | GB29: 6500000 | GC29: 6700000 | GD29: 6600000 | GE29: 7000000 | GF29: =SUM(GG29:GJ29) -> 27150000 | GG29: 6600000 | GH29: 6800000 | GI29: 6850000 | GJ29: 6900000 | GK29: =SUM(GL29:GZ29)/2 -> 72400000 | GL29: =SUM(GM29:GP29) -> 23800000 | GM29: 6000000 | GN29: 5900000 | GO29: 5800000 | GP29: 6100000 | GQ29: =SUM(GR29:GU29) -> 24900000 | GR29: 6200000 | GS29: 6150000 | GT29: 6250000 | GU29: 6300000 | GV29: =SUM(GW29:GZ29) -> 23700000 | GW29: 5950000 | GX29: 5850000 | GY29: 5800000 | GZ29: 6100000
C30: 2 | D30: Xarajatlar | E30: Reja | G30: =SUM(H30:GZ30)/5 -> 201600000 | H30: =SUM(I30:BV30)/4 -> 67200000 | I30: =SUM(J30:AO30)/3 -> 33600000 | J30: =SUM(K30:Y30)/2 -> 16800000 | K30: =SUM(L30:O30) -> 5600000 | L30: 1400000 | M30: 1400000 | N30: 1400000 | O30: 1400000 | P30: =SUM(Q30:T30) -> 5600000 | Q30: 1400000 | R30: 1400000 | S30: 1400000 | T30: 1400000 | U30: =SUM(V30:Y30) -> 5600000 | V30: 1400000 | W30: 1400000 | X30: 1400000 | Y30: 1400000 | Z30: =SUM(AA30:AO30)/2 -> 16800000 | AA30: =SUM(AB30:AE30) -> 5600000 | AB30: 1400000 | AC30: 1400000 | AD30: 1400000 | AE30: 1400000 | AF30: =SUM(AG30:AJ30) -> 5600000 | AG30: 1400000 | AH30: 1400000 | AI30: 1400000 | AJ30: 1400000 | AK30: =SUM(AL30:AO30) -> 5600000 | AL30: 1400000 | AM30: 1400000 | AN30: 1400000 | AO30: 1400000 | AP30: =SUM(AQ30:BV30)/3 -> 33600000 | AQ30: =SUM(AR30:BF30)/2 -> 16800000 | AR30: =SUM(AS30:AV30) -> 5600000 | AS30: 1400000 | AT30: 1400000 | AU30: 1400000 | AV30: 1400000 | AW30: =SUM(AX30:BA30) -> 5600000 | AX30: 1400000 | AY30: 1400000 | AZ30: 1400000 | BA30: 1400000 | BB30: =SUM(BC30:BF30) -> 5600000 | BC30: 1400000 | BD30: 1400000 | BE30: 1400000 | BF30: 1400000 | BG30: =SUM(BH30:BV30)/2 -> 16800000 | BH30: =SUM(BI30:BL30) -> 5600000 | BI30: 1400000 | BJ30: 1400000 | BK30: 1400000 | BL30: 1400000 | BM30: =SUM(BN30:BQ30) -> 5600000 | BN30: 1400000 | BO30: 1400000 | BP30: 1400000 | BQ30: 1400000 | BR30: =SUM(BS30:BV30) -> 5600000 | BS30: 1400000 | BT30: 1400000 | BU30: 1400000 | BV30: 1400000 | BW30: =SUM(BX30:EK30)/4 -> 67200000 | BX30: =SUM(BY30:DD30)/3 -> 33600000 | BY30: =SUM(BZ30:CN30)/2 -> 16800000 | BZ30: =SUM(CA30:CD30) -> 5600000 | CA30: 1400000 | CB30: 1400000 | CC30: 1400000 | CD30: 1400000 | CE30: =SUM(CF30:CI30) -> 5600000 | CF30: 1400000 | CG30: 1400000 | CH30: 1400000 | CI30: 1400000 | CJ30: =SUM(CK30:CN30) -> 5600000 | CK30: 1400000 | CL30: 1400000 | CM30: 1400000 | CN30: 1400000 | CO30: =SUM(CP30:DD30)/2 -> 16800000 | CP30: =SUM(CQ30:CT30) -> 5600000 | CQ30: 1400000 | CR30: 1400000 | CS30: 1400000 | CT30: 1400000 | CU30: =SUM(CV30:CY30) -> 5600000 | CV30: 1400000 | CW30: 1400000 | CX30: 1400000 | CY30: 1400000 | CZ30: =SUM(DA30:DD30) -> 5600000 | DA30: 1400000 | DB30: 1400000 | DC30: 1400000 | DD30: 1400000 | DE30: =SUM(DF30:EK30)/3 -> 33600000 | DF30: =SUM(DG30:DU30)/2 -> 16800000 | DG30: =SUM(DH30:DK30) -> 5600000 | DH30: 1400000 | DI30: 1400000 | DJ30: 1400000 | DK30: 1400000 | DL30: =SUM(DM30:DP30) -> 5600000 | DM30: 1400000 | DN30: 1400000 | DO30: 1400000 | DP30: 1400000 | DQ30: =SUM(DR30:DU30) -> 5600000 | DR30: 1400000 | DS30: 1400000 | DT30: 1400000 | DU30: 1400000 | DV30: =SUM(DW30:EK30)/2 -> 16800000 | DW30: =SUM(DX30:EA30) -> 5600000 | DX30: 1400000 | DY30: 1400000 | DZ30: 1400000 | EA30: 1400000 | EB30: =SUM(EC30:EF30) -> 5600000 | EC30: 1400000 | ED30: 1400000 | EE30: 1400000 | EF30: 1400000 | EG30: =SUM(EH30:EK30) -> 5600000 | EH30: 1400000 | EI30: 1400000 | EJ30: 1400000 | EK30: 1400000 | EL30: =SUM(EM30:GZ30)/4 -> 67200000 | EM30: =SUM(EN30:FS30)/3 -> 33600000 | EN30: =SUM(EO30:FC30)/2 -> 16800000 | EO30: =SUM(EP30:ES30) -> 5600000 | EP30: 1400000 | EQ30: 1400000 | ER30: 1400000 | ES30: 1400000 | ET30: =SUM(EU30:EX30) -> 5600000 | EU30: 1400000 | EV30: 1400000 | EW30: 1400000 | EX30: 1400000 | EY30: =SUM(EZ30:FC30) -> 5600000 | EZ30: 1400000 | FA30: 1400000 | FB30: 1400000 | FC30: 1400000 | FD30: =SUM(FE30:FS30)/2 -> 16800000 | FE30: =SUM(FF30:FI30) -> 5600000 | FF30: 1400000 | FG30: 1400000 | FH30: 1400000 | FI30: 1400000 | FJ30: =SUM(FK30:FN30) -> 5600000 | FK30: 1400000 | FL30: 1400000 | FM30: 1400000 | FN30: 1400000 | FO30: =SUM(FP30:FS30) -> 5600000 | FP30: 1400000 | FQ30: 1400000 | FR30: 1400000 | FS30: 1400000 | FT30: =SUM(FU30:GZ30)/3 -> 33600000 | FU30: =SUM(FV30:GJ30)/2 -> 16800000 | FV30: =SUM(FW30:FZ30) -> 5600000 | FW30: 1400000 | FX30: 1400000 | FY30: 1400000 | FZ30: 1400000 | GA30: =SUM(GB30:GE30) -> 5600000 | GB30: 1400000 | GC30: 1400000 | GD30: 1400000 | GE30: 1400000 | GF30: =SUM(GG30:GJ30) -> 5600000 | GG30: 1400000 | GH30: 1400000 | GI30: 1400000 | GJ30: 1400000 | GK30: =SUM(GL30:GZ30)/2 -> 16800000 | GL30: =SUM(GM30:GP30) -> 5600000 | GM30: 1400000 | GN30: 1400000 | GO30: 1400000 | GP30: 1400000 | GQ30: =SUM(GR30:GU30) -> 5600000 | GR30: 1400000 | GS30: 1400000 | GT30: 1400000 | GU30: 1400000 | GV30: =SUM(GW30:GZ30) -> 5600000 | GW30: 1400000 | GX30: 1400000 | GY30: 1400000 | GZ30: 1400000
E31: Fakt | G31: =SUM(H31:GZ31)/5 -> 180600000 | H31: =SUM(I31:BV31)/4 -> 60200000 | I31: =SUM(J31:AO31)/3 -> 30100000 | J31: =SUM(K31:Y31)/2 -> 15900000 | K31: =SUM(L31:O31) -> 5100000 | L31: 1200000 | M31: 1350000 | N31: 1250000 | O31: 1300000 | P31: =SUM(Q31:T31) -> 5300000 | Q31: 1300000 | R31: 1250000 | S31: 1350000 | T31: 1400000 | U31: =SUM(V31:Y31) -> 5500000 | V31: 1350000 | W31: 1400000 | X31: 1450000 | Y31: 1300000 | Z31: =SUM(AA31:AO31)/2 -> 14200000 | AA31: =SUM(AB31:AE31) -> 4700000 | AB31: 1000000 | AC31: 1150000 | AD31: 1200000 | AE31: 1350000 | AF31: =SUM(AG31:AJ31) -> 4800000 | AG31: 1250000 | AH31: 1150000 | AI31: 1100000 | AJ31: 1300000 | AK31: =SUM(AL31:AO31) -> 4700000 | AL31: 1200000 | AM31: 1300000 | AN31: 1150000 | AO31: 1050000 | AP31: =SUM(AQ31:BV31)/3 -> 30100000 | AQ31: =SUM(AR31:BF31)/2 -> 14200000 | AR31: =SUM(AS31:AV31) -> 4700000 | AS31: 1200000 | AT31: 1300000 | AU31: 1150000 | AV31: 1050000 | AW31: =SUM(AX31:BA31) -> 4700000 | AX31: 1000000 | AY31: 1150000 | AZ31: 1200000 | BA31: 1350000 | BB31: =SUM(BC31:BF31) -> 4800000 | BC31: 1250000 | BD31: 1150000 | BE31: 1100000 | BF31: 1300000 | BG31: =SUM(BH31:BV31)/2 -> 15900000 | BH31: =SUM(BI31:BL31) -> 5300000 | BI31: 1300000 | BJ31: 1250000 | BK31: 1350000 | BL31: 1400000 | BM31: =SUM(BN31:BQ31) -> 5500000 | BN31: 1350000 | BO31: 1400000 | BP31: 1450000 | BQ31: 1300000 | BR31: =SUM(BS31:BV31) -> 5100000 | BS31: 1200000 | BT31: 1350000 | BU31: 1250000 | BV31: 1300000 | BW31: =SUM(BX31:EK31)/4 -> 60200000 | BX31: =SUM(BY31:DD31)/3 -> 30100000 | BY31: =SUM(BZ31:CN31)/2 -> 14200000 | BZ31: =SUM(CA31:CD31) -> 4800000 | CA31: 1250000 | CB31: 1150000 | CC31: 1100000 | CD31: 1300000 | CE31: =SUM(CF31:CI31) -> 4700000 | CF31: 1200000 | CG31: 1300000 | CH31: 1150000 | CI31: 1050000 | CJ31: =SUM(CK31:CN31) -> 4700000 | CK31: 1000000 | CL31: 1150000 | CM31: 1200000 | CN31: 1350000 | CO31: =SUM(CP31:DD31)/2 -> 15900000 | CP31: =SUM(CQ31:CT31) -> 5100000 | CQ31: 1200000 | CR31: 1350000 | CS31: 1250000 | CT31: 1300000 | CU31: =SUM(CV31:CY31) -> 5300000 | CV31: 1300000 | CW31: 1250000 | CX31: 1350000 | CY31: 1400000 | CZ31: =SUM(DA31:DD31) -> 5500000 | DA31: 1350000 | DB31: 1400000 | DC31: 1450000 | DD31: 1300000 | DE31: =SUM(DF31:EK31)/3 -> 30100000 | DF31: =SUM(DG31:DU31)/2 -> 15900000 | DG31: =SUM(DH31:DK31) -> 5500000 | DH31: 1350000 | DI31: 1400000 | DJ31: 1450000 | DK31: 1300000 | DL31: =SUM(DM31:DP31) -> 5100000 | DM31: 1200000 | DN31: 1350000 | DO31: 1250000 | DP31: 1300000 | DQ31: =SUM(DR31:DU31) -> 5300000 | DR31: 1300000 | DS31: 1250000 | DT31: 1350000 | DU31: 1400000 | DV31: =SUM(DW31:EK31)/2 -> 14200000 | DW31: =SUM(DX31:EA31) -> 4700000 | DX31: 1200000 | DY31: 1300000 | DZ31: 1150000 | EA31: 1050000 | EB31: =SUM(EC31:EF31) -> 4800000 | EC31: 1250000 | ED31: 1150000 | EE31: 1100000 | EF31: 1300000 | EG31: =SUM(EH31:EK31) -> 4700000 | EH31: 1000000 | EI31: 1150000 | EJ31: 1200000 | EK31: 1350000 | EL31: =SUM(EM31:GZ31)/4 -> 60200000 | EM31: =SUM(EN31:FS31)/3 -> 30100000 | EN31: =SUM(EO31:FC31)/2 -> 14200000 | EO31: =SUM(EP31:ES31) -> 4800000 | EP31: 1250000 | EQ31: 1150000 | ER31: 1100000 | ES31: 1300000 | ET31: =SUM(EU31:EX31) -> 4700000 | EU31: 1000000 | EV31: 1150000 | EW31: 1200000 | EX31: 1350000 | EY31: =SUM(EZ31:FC31) -> 4700000 | EZ31: 1200000 | FA31: 1300000 | FB31: 1150000 | FC31: 1050000 | FD31: =SUM(FE31:FS31)/2 -> 15900000 | FE31: =SUM(FF31:FI31) -> 5100000 | FF31: 1200000 | FG31: 1350000 | FH31: 1250000 | FI31: 1300000 | FJ31: =SUM(FK31:FN31) -> 5300000 | FK31: 1300000 | FL31: 1250000 | FM31: 1350000 | FN31: 1400000 | FO31: =SUM(FP31:FS31) -> 5500000 | FP31: 1350000 | FQ31: 1400000 | FR31: 1450000 | FS31: 1300000 | FT31: =SUM(FU31:GZ31)/3 -> 30100000 | FU31: =SUM(FV31:GJ31)/2 -> 15900000 | FV31: =SUM(FW31:FZ31) -> 5500000 | FW31: 1350000 | FX31: 1400000 | FY31: 1450000 | FZ31: 1300000 | GA31: =SUM(GB31:GE31) -> 5100000 | GB31: 1200000 | GC31: 1350000 | GD31: 1250000 | GE31: 1300000 | GF31: =SUM(GG31:GJ31) -> 5300000 | GG31: 1300000 | GH31: 1250000 | GI31: 1350000 | GJ31: 1400000 | GK31: =SUM(GL31:GZ31)/2 -> 14200000 | GL31: =SUM(GM31:GP31) -> 4700000 | GM31: 1000000 | GN31: 1150000 | GO31: 1200000 | GP31: 1350000 | GQ31: =SUM(GR31:GU31) -> 4800000 | GR31: 1250000 | GS31: 1150000 | GT31: 1100000 | GU31: 1300000 | GV31: =SUM(GW31:GZ31) -> 4700000 | GW31: 1200000 | GX31: 1300000 | GY31: 1150000 | GZ31: 1050000
C32: 3 | D32: Foyda tushumi | E32: Reja | G32: =SUM(H32:GZ32)/5 -> 806400000 | H32: =SUM(I32:BV32)/4 -> 268800000 | I32: =SUM(J32:AO32)/3 -> 134400000 | J32: =SUM(K32:Y32)/2 -> 67200000 | K32: =SUM(L32:O32) -> 22400000 | L32: 5600000 | M32: 5600000 | N32: 5600000 | O32: 5600000 | P32: =SUM(Q32:T32) -> 22400000 | Q32: 5600000 | R32: 5600000 | S32: 5600000 | T32: 5600000 | U32: =SUM(V32:Y32) -> 22400000 | V32: 5600000 | W32: 5600000 | X32: 5600000 | Y32: 5600000 | Z32: =SUM(AA32:AO32)/2 -> 67200000 | AA32: =SUM(AB32:AE32) -> 22400000 | AB32: 5600000 | AC32: 5600000 | AD32: 5600000 | AE32: 5600000 | AF32: =SUM(AG32:AJ32) -> 22400000 | AG32: 5600000 | AH32: 5600000 | AI32: 5600000 | AJ32: 5600000 | AK32: =SUM(AL32:AO32) -> 22400000 | AL32: 5600000 | AM32: 5600000 | AN32: 5600000 | AO32: 5600000 | AP32: =SUM(AQ32:BV32)/3 -> 134400000 | AQ32: =SUM(AR32:BF32)/2 -> 67200000 | AR32: =SUM(AS32:AV32) -> 22400000 | AS32: 5600000 | AT32: 5600000 | AU32: 5600000 | AV32: 5600000 | AW32: =SUM(AX32:BA32) -> 22400000 | AX32: 5600000 | AY32: 5600000 | AZ32: 5600000 | BA32: 5600000 | BB32: =SUM(BC32:BF32) -> 22400000 | BC32: 5600000 | BD32: 5600000 | BE32: 5600000 | BF32: 5600000 | BG32: =SUM(BH32:BV32)/2 -> 67200000 | BH32: =SUM(BI32:BL32) -> 22400000 | BI32: 5600000 | BJ32: 5600000 | BK32: 5600000 | BL32: 5600000 | BM32: =SUM(BN32:BQ32) -> 22400000 | BN32: 5600000 | BO32: 5600000 | BP32: 5600000 | BQ32: 5600000 | BR32: =SUM(BS32:BV32) -> 22400000 | BS32: 5600000 | BT32: 5600000 | BU32: 5600000 | BV32: 5600000 | BW32: =SUM(BX32:EK32)/4 -> 268800000 | BX32: =SUM(BY32:DD32)/3 -> 134400000 | BY32: =SUM(BZ32:CN32)/2 -> 67200000 | BZ32: =SUM(CA32:CD32) -> 22400000 | CA32: 5600000 | CB32: 5600000 | CC32: 5600000 | CD32: 5600000 | CE32: =SUM(CF32:CI32) -> 22400000 | CF32: 5600000 | CG32: 5600000 | CH32: 5600000 | CI32: 5600000 | CJ32: =SUM(CK32:CN32) -> 22400000 | CK32: 5600000 | CL32: 5600000 | CM32: 5600000 | CN32: 5600000 | CO32: =SUM(CP32:DD32)/2 -> 67200000 | CP32: =SUM(CQ32:CT32) -> 22400000 | CQ32: 5600000 | CR32: 5600000 | CS32: 5600000 | CT32: 5600000 | CU32: =SUM(CV32:CY32) -> 22400000 | CV32: 5600000 | CW32: 5600000 | CX32: 5600000 | CY32: 5600000 | CZ32: =SUM(DA32:DD32) -> 22400000 | DA32: 5600000 | DB32: 5600000 | DC32: 5600000 | DD32: 5600000 | DE32: =SUM(DF32:EK32)/3 -> 134400000 | DF32: =SUM(DG32:DU32)/2 -> 67200000 | DG32: =SUM(DH32:DK32) -> 22400000 | DH32: 5600000 | DI32: 5600000 | DJ32: 5600000 | DK32: 5600000 | DL32: =SUM(DM32:DP32) -> 22400000 | DM32: 5600000 | DN32: 5600000 | DO32: 5600000 | DP32: 5600000 | DQ32: =SUM(DR32:DU32) -> 22400000 | DR32: 5600000 | DS32: 5600000 | DT32: 5600000 | DU32: 5600000 | DV32: =SUM(DW32:EK32)/2 -> 67200000 | DW32: =SUM(DX32:EA32) -> 22400000 | DX32: 5600000 | DY32: 5600000 | DZ32: 5600000 | EA32: 5600000 | EB32: =SUM(EC32:EF32) -> 22400000 | EC32: 5600000 | ED32: 5600000 | EE32: 5600000 | EF32: 5600000 | EG32: =SUM(EH32:EK32) -> 22400000 | EH32: 5600000 | EI32: 5600000 | EJ32: 5600000 | EK32: 5600000 | EL32: =SUM(EM32:GZ32)/4 -> 268800000 | EM32: =SUM(EN32:FS32)/3 -> 134400000 | EN32: =SUM(EO32:FC32)/2 -> 67200000 | EO32: =SUM(EP32:ES32) -> 22400000 | EP32: 5600000 | EQ32: 5600000 | ER32: 5600000 | ES32: 5600000 | ET32: =SUM(EU32:EX32) -> 22400000 | EU32: 5600000 | EV32: 5600000 | EW32: 5600000 | EX32: 5600000 | EY32: =SUM(EZ32:FC32) -> 22400000 | EZ32: 5600000 | FA32: 5600000 | FB32: 5600000 | FC32: 5600000 | FD32: =SUM(FE32:FS32)/2 -> 67200000 | FE32: =SUM(FF32:FI32) -> 22400000 | FF32: 5600000 | FG32: 5600000 | FH32: 5600000 | FI32: 5600000 | FJ32: =SUM(FK32:FN32) -> 22400000 | FK32: 5600000 | FL32: 5600000 | FM32: 5600000 | FN32: 5600000 | FO32: =SUM(FP32:FS32) -> 22400000 | FP32: 5600000 | FQ32: 5600000 | FR32: 5600000 | FS32: 5600000 | FT32: =SUM(FU32:GZ32)/3 -> 134400000 | FU32: =SUM(FV32:GJ32)/2 -> 67200000 | FV32: =SUM(FW32:FZ32) -> 22400000 | FW32: 5600000 | FX32: 5600000 | FY32: 5600000 | FZ32: 5600000 | GA32: =SUM(GB32:GE32) -> 22400000 | GB32: 5600000 | GC32: 5600000 | GD32: 5600000 | GE32: 5600000 | GF32: =SUM(GG32:GJ32) -> 22400000 | GG32: 5600000 | GH32: 5600000 | GI32: 5600000 | GJ32: 5600000 | GK32: =SUM(GL32:GZ32)/2 -> 67200000 | GL32: =SUM(GM32:GP32) -> 22400000 | GM32: 5600000 | GN32: 5600000 | GO32: 5600000 | GP32: 5600000 | GQ32: =SUM(GR32:GU32) -> 22400000 | GR32: 5600000 | GS32: 5600000 | GT32: 5600000 | GU32: 5600000 | GV32: =SUM(GW32:GZ32) -> 22400000 | GW32: 5600000 | GX32: 5600000 | GY32: 5600000 | GZ32: 5600000
E33: Fakt | G33: =SUM(H33:GZ33)/5 -> 621300000 | H33: =SUM(I33:BV33)/4 -> 206800000 | I33: =SUM(J33:AO33)/3 -> 103325000 | J33: =SUM(K33:Y33)/2 -> 55175000 | K33: =SUM(L33:O33) -> 21700000 | L33: 5300000 | M33: 5350000 | N33: 5350000 | O33: 5700000 | Q33: 5300000 | R33: 5550000 | S33: 5500000 | T33: 5500000 | U33: =SUM(V33:Y33) -> 22550000 | V33: 5650000 | W33: 5500000 | X33: 5600000 | Y33: 5800000 | Z33: =SUM(AA33:AO33)/2 -> 48150000 | AA33: =SUM(AB33:AE33) -> 19100000 | AB33: 5000000 | AC33: 4750000 | AD33: 4600000 | AE33: 4750000 | AG33: 4950000 | AH33: 5000000 | AI33: 5150000 | AJ33: 5000000 | AK33: =SUM(AL33:AO33) -> 19000000 | AL33: 4750000 | AM33: 4550000 | AN33: 4650000 | AO33: 5050000 | AP33: =SUM(AQ33:BV33)/3 -> 103475000 | AQ33: =SUM(AR33:BF33)/2 -> 48650000 | AR33: =SUM(AS33:AV33) -> 19000000 | AS33: 4750000 | AT33: 4550000 | AU33: 4650000 | AV33: 5050000 | AX33: 5000000 | AY33: 4750000 | AZ33: 4600000 | BA33: 4750000 | BB33: =SUM(BC33:BF33) -> 20100000 | BC33: 4950000 | BD33: 5000000 | BE33: 5150000 | BF33: 5000000 | BG33: =SUM(BH33:BV33)/2 -> 54825000 | BH33: =SUM(BI33:BL33) -> 21850000 | BI33: 5300000 | BJ33: 5550000 | BK33: 5500000 | BL33: 5500000 | BN33: 5650000 | BO33: 5500000 | BP33: 5600000 | BQ33: 5800000 | BR33: =SUM(BS33:BV33) -> 21700000 | BS33: 5300000 | BT33: 5350000 | BU33: 5350000 | BV33: 5700000 | BW33: =SUM(BX33:EK33)/4 -> 207275000 | BX33: =SUM(BY33:DD33)/3 -> 103875000 | BY33: =SUM(BZ33:CN33)/2 -> 48700000 | BZ33: =SUM(CA33:CD33) -> 20100000 | CA33: 4950000 | CB33: 5000000 | CC33: 5150000 | CD33: 5000000 | CF33: 4750000 | CG33: 4550000 | CH33: 4650000 | CI33: 5050000 | CJ33: =SUM(CK33:CN33) -> 19100000 | CK33: 5000000 | CL33: 4750000 | CM33: 4600000 | CN33: 4750000 | CO33: =SUM(CP33:DD33)/2 -> 55175000 | CP33: =SUM(CQ33:CT33) -> 21700000 | CQ33: 5300000 | CR33: 5350000 | CS33: 5350000 | CT33: 5700000 | CV33: 5300000 | CW33: 5550000 | CX33: 5500000 | CY33: 5500000 | CZ33: =SUM(DA33:DD33) -> 22550000 | DA33: 5650000 | DB33: 5500000 | DC33: 5600000 | DD33: 5800000 | DE33: =SUM(DF33:EK33)/3 -> 103400000 | DF33: =SUM(DG33:DU33)/2 -> 55250000 | DG33: =SUM(DH33:DK33) -> 22550000 | DH33: 5650000 | DI33: 5500000 | DJ33: 5600000 | DK33: 5800000 | DM33: 5300000 | DN33: 5350000 | DO33: 5350000 | DP33: 5700000 | DQ33: =SUM(DR33:DU33) -> 21850000 | DR33: 5300000 | DS33: 5550000 | DT33: 5500000 | DU33: 5500000 | DV33: =SUM(DW33:EK33)/2 -> 48150000 | DW33: =SUM(DX33:EA33) -> 19000000 | DX33: 4750000 | DY33: 4550000 | DZ33: 4650000 | EA33: 5050000 | EC33: 4950000 | ED33: 5000000 | EE33: 5150000 | EF33: 5000000 | EG33: =SUM(EH33:EK33) -> 19100000 | EH33: 5000000 | EI33: 4750000 | EJ33: 4600000 | EK33: 4750000 | EL33: =SUM(EM33:GZ33)/4 -> 207225000 | EM33: =SUM(EN33:FS33)/3 -> 103825000 | EN33: =SUM(EO33:FC33)/2 -> 48650000 | EO33: =SUM(EP33:ES33) -> 20100000 | EP33: 4950000 | EQ33: 5000000 | ER33: 5150000 | ES33: 5000000 | EU33: 5000000 | EV33: 4750000 | EW33: 4600000 | EX33: 4750000 | EY33: =SUM(EZ33:FC33) -> 19000000 | EZ33: 4750000 | FA33: 4550000 | FB33: 4650000 | FC33: 5050000 | FD33: =SUM(FE33:FS33)/2 -> 55175000 | FE33: =SUM(FF33:FI33) -> 21700000 | FF33: 5300000 | FG33: 5350000 | FH33: 5350000 | FI33: 5700000 | FK33: 5300000 | FL33: 5550000 | FM33: 5500000 | FN33: 5500000 | FO33: =SUM(FP33:FS33) -> 22550000 | FP33: 5650000 | FQ33: 5500000 | FR33: 5600000 | FS33: 5800000 | FT33: =SUM(FU33:GZ33)/3 -> 103400000 | FU33: =SUM(FV33:GJ33)/2 -> 55250000 | FV33: =SUM(FW33:FZ33) -> 22550000 | FW33: 5650000 | FX33: 5500000 | FY33: 5600000 | FZ33: 5800000 | GB33: 5300000 | GC33: 5350000 | GD33: 5350000 | GE33: 5700000 | GF33: =SUM(GG33:GJ33) -> 21850000 | GG33: 5300000 | GH33: 5550000 | GI33: 5500000 | GJ33: 5500000 | GK33: =SUM(GL33:GZ33)/2 -> 48150000 | GL33: =SUM(GM33:GP33) -> 19100000 | GM33: 5000000 | GN33: 4750000 | GO33: 4600000 | GP33: 4750000 | GR33: 4950000 | GS33: 5000000 | GT33: 5150000 | GU33: 5000000 | GV33: =SUM(GW33:GZ33) -> 19000000 | GW33: 4750000 | GX33: 4550000 | GY33: 4650000 | GZ33: 5050000

Sheet Foiz
G2: 3 yillik
G3: SUM | H3: Yillik 1 | BW3: Yillik 2 | EL3: Yillik 3
H4: SUM | I4: Yarim yillik 1 | AP4: Yarim yillik 2 | BW4: SUM | BX4: Yarim yillik 3 | DE4: Yarim yillik 4 | EL4: SUM | EM4: Yarim yillik 5 | FT4: Yarim yillik 6
I5: SUM | J5: Chorak 1 | Z5: Chorak 2 | AP5: SUM | AQ5: Chorak 3 | BG5: Chorak 4 | BX5: SUM | BY5: Chorak 5 | CO5: Chorak 6 | DE5: SUM | DF5: Chorak 7 | DV5: Chorak 8 | EM5: SUM | EN5: Chorak 9 | FD5: Chorak 10 | FT5: SUM | FU5: Chorak 11 | GK5: Chorak 12
J6: SUM | K6: Oy 1 | P6: Oy 2 | U6: Oy 3 | Z6: SUM | AA6: Oy 4 | AF6: Oy 5 | AK6: Oy 6 | AQ6: SUM | AR6: Oy 7 | AW6: Oy 8 | BB6: Oy 9 | BG6: SUM | BH6: Oy 10 | BM6: Oy 11 | BR6: Oy 12 | BY6: SUM | BZ6: Oy 13 | CE6: Oy 14 | CJ6: Oy 15 | CO6: SUM | CP6: Oy 16 | CU6: Oy 17 | CZ6: Oy 18 | DF6: SUM | DG6: Oy 19 | DL6: Oy 20 | DQ6: Oy 21 | DV6: SUM | DW6: Oy 22 | EB6: Oy 23 | EG6: Oy 24 | EN6: SUM | EO6: Oy 25 | ET6: Oy 26 | EY6: Oy 27 | FD6: SUM | FE6: Oy 28 | FJ6: Oy 29 | FO6: Oy 30 | FU6: SUM | FV6: Oy 31 | GA6: Oy 32 | GF6: Oy 33 | GK6: SUM | GL6: Oy 34 | GQ6: Oy 35 | GV6: Oy 36
D7: Metrika (ko'rsatkichlar) | G7: 3 yillik | H7: Yillik 1 | I7: Yarim yillik 1 | J7: Chorak 1 | K7: Oy 1 | L7: Hafta 1 | M7: Hafta 2 | N7: Hafta 3 | O7: Hafta 4 | P7: Oy 2 | Q7: Hafta 5 | R7: Hafta 6 | S7: Hafta 7 | T7: Hafta 8 | U7: Oy 3 | V7: Hafta 9 | W7: Hafta 10 | X7: Hafta 11 | Y7: Hafta 12 | Z7: Chorak 2 | AA7: Oy 4 | AB7: Hafta 13 | AC7: Hafta 14 | AD7: Hafta 15 | AE7: Hafta 16 | AF7: Oy 5 | AG7: Hafta 17 | AH7: Hafta 18 | AI7: Hafta 19 | AJ7: Hafta 20 | AK7: Oy 6 | AL7: Hafta 21 | AM7: Hafta 22 | AN7: Hafta 23 | AO7: Hafta 24 | AP7: Yarim yillik 2 | AQ7: Chorak 3 | AR7: Oy 7 | AS7: Hafta 25 | AT7: Hafta 26 | AU7: Hafta 27 | AV7: Hafta 28 | AW7: Oy 8 | AX7: Hafta 29 | AY7: Hafta 30 | AZ7: Hafta 31 | BA7: Hafta 32 | BB7: Oy 9 | BC7: Hafta 33 | BD7: Hafta 34 | BE7: Hafta 35 | BF7: Hafta 36 | BG7: Chorak 4 | BH7: Oy 10 | BI7: Hafta 37 | BJ7: Hafta 38 | BK7: Hafta 39 | BL7: Hafta 40 | BM7: Oy 11 | BN7: Hafta 41 | BO7: Hafta 42 | BP7: Hafta 43 | BQ7: Hafta 44 | BR7: Oy 12 | BS7: Hafta 45 | BT7: Hafta 46 | BU7: Hafta 47 | BV7: Hafta 48 | BW7: Yillik 2 | BX7: Yarim yillik 3 | BY7: Chorak 5 | BZ7: Oy 13 | CA7: Hafta 49 | CB7: Hafta 50 | CC7: Hafta 51 | CD7: Hafta 52 | CE7: Oy 14 | CF7: Hafta 53 | CG7: Hafta 54 | CH7: Hafta 55 | CI7: Hafta 56 | CJ7: Oy 15 | CK7: Hafta 57 | CL7: Hafta 58 | CM7: Hafta 59 | CN7: Hafta 60 | CO7: Chorak 6 | CP7: Oy 16 | CQ7: Hafta 61 | CR7: Hafta 62 | CS7: Hafta 63 | CT7: Hafta 64 | CU7: Oy 17 | CV7: Hafta 65 | CW7: Hafta 66 | CX7: Hafta 67 | CY7: Hafta 68 | CZ7: Oy 18 | DA7: Hafta 69 | DB7: Hafta 70 | DC7: Hafta 71 | DD7: Hafta 72 | DE7: Yarim yillik 4 | DF7: Chorak 7 | DG7: Oy 19 | DH7: Hafta 73 | DI7: Hafta 74 | DJ7: Hafta 75 | DK7: Hafta 76 | DL7: Oy 20 | DM7: Hafta 77 | DN7: Hafta 78 | DO7: Hafta 79 | DP7: Hafta 80 | DQ7: Oy 21 | DR7: Hafta 81 | DS7: Hafta 82 | DT7: Hafta 83 | DU7: Hafta 84 | DV7: Chorak 8 | DW7: Oy 22 | DX7: Hafta 85 | DY7: Hafta 86 | DZ7: Hafta 87 | EA7: Hafta 88 | EB7: Oy 23 | EC7: Hafta 89 | ED7: Hafta 90 | EE7: Hafta 91 | EF7: Hafta 92 | EG7: Oy 24 | EH7: Hafta 93 | EI7: Hafta 94 | EJ7: Hafta 95 | EK7: Hafta 96 | EL7: Yillik 3 | EM7: Yarim yillik 5 | EN7: Chorak 9 | EO7: Oy 25 | EP7: Hafta 97 | EQ7: Hafta 98 | ER7: Hafta 99 | ES7: Hafta 100 | ET7: Oy 26 | EU7: Hafta 101 | EV7: Hafta 102 | EW7: Hafta 103 | EX7: Hafta 104 | EY7: Oy 27 | EZ7: Hafta 105 | FA7: Hafta 106 | FB7: Hafta 107 | FC7: Hafta 108 | FD7: Chorak 10 | FE7: Oy 28 | FF7: Hafta 109 | FG7: Hafta 110 | FH7: Hafta 111 | FI7: Hafta 112 | FJ7: Oy 29 | FK7: Hafta 113 | FL7: Hafta 114 | FM7: Hafta 115 | FN7: Hafta 116 | FO7: Oy 30 | FP7: Hafta 117 | FQ7: Hafta 118 | FR7: Hafta 119 | FS7: Hafta 120 | FT7: Yarim yillik 6 | FU7: Chorak 11 | FV7: Oy 31 | FW7: Hafta 121 | FX7: Hafta 122 | FY7: Hafta 123 | FZ7: Hafta 124 | GA7: Oy 32 | GB7: Hafta 125 | GC7: Hafta 126 | GD7: Hafta 127 | GE7: Hafta 128 | GF7: Oy 33 | GG7: Hafta 129 | GH7: Hafta 130 | GI7: Hafta 131 | GJ7: Hafta 132 | GK7: Chorak 12 | GL7: Oy 34 | GM7: Hafta 133 | GN7: Hafta 134 | GO7: Hafta 135 | GP7: Hafta 136 | GQ7: Oy 35 | GR7: Hafta 137 | GS7: Hafta 138 | GT7: Hafta 139 | GU7: Hafta 140 | GV7: Oy 36 | GW7: Hafta 141 | GX7: Hafta 142 | GY7: Hafta 143 | GZ7: Hafta 144
B8: Marketing | C8: 1 | D8: Ko'rgan odamlar soni | E8: Reja | G8: =Metrika!G9/Metrika!G8 -> 0.9997619 | H8: =Metrika!H9/Metrika!H8 -> 0.9997619 | I8: =Metrika!I9/Metrika!I8 -> 0.9997619 | J8: =Metrika!J9/Metrika!J8 -> 1.0019048 | K8: =Metrika!K9/Metrika!K8 -> 0.99285714 | L8: =Metrika!L9/Metrika!L8 -> 0.97142857 | M8: =Metrika!M9/Metrika!M8 -> 0.99428571 | N8: =Metrika!N9/Metrika!N8 -> 1.0057143 | ... GZ8: =Metrika!GZ9/Metrika!GZ8 -> 1.0171429
E9: Fakt
C10: 2 | D10: Qiziqqan odamlar soni | E10: Reja | G10: =Metrika!G11/Metrika!G10 -> 0.95857143 | H10: =Metrika!H11/Metrika!H10 -> 0.95857143 | I10: =Metrika!I11/Metrika!I10 -> 0.95857143 | J10: =Metrika!J11/Metrika!J10 -> 1.0004762 | K10: =Metrika!K11/Metrika!K10 -> 0.98928571 | L10: =Metrika!L11/Metrika!L10 -> 0.94285714 | M10: =Metrika!M11/Metrika!M10 -> 0.98571429 | N10: =Metrika!N11/Metrika!N10 -> 1.0285714 | ... GZ10: =Metrika!GZ11/Metrika!GZ10 -> 0.95714286
E11: Fakt
C12: 3 | D12: Tushurilgan yangi lidlar soni | E12: Reja | G12: =Metrika!G13/Metrika!G12 -> 0.91488095 | H12: =Metrika!H13/Metrika!H12 -> 0.91488095 | I12: =Metrika!I13/Metrika!I12 -> 0.91488095 | J12: =Metrika!J13/Metrika!J12 -> 0.99404762 | K12: =Metrika!K13/Metrika!K12 -> 0.96428571 | L12: =Metrika!L13/Metrika!L12 -> 0.85714286 | M12: =Metrika!M13/Metrika!M12 -> 0.92857143 | N12: =Metrika!N13/Metrika!N12 -> 1 | ... GZ12: =Metrika!GZ13/Metrika!GZ12 -> 0.91428571
E13: Fakt
B14: Sotuv | C14: 1 | D14: Qilingan yangi qo'ng'iroqlar soni | E14: Reja | G14: =Metrika!G15/Metrika!G14 -> 0.87329932 | H14: =Metrika!H15/Metrika!H14 -> 0.87329932 | I14: =Metrika!I15/Metrika!I14 -> 0.87329932 | J14: =Metrika!J15/Metrika!J14 -> 0.95748299 | K14: =Metrika!K15/Metrika!K14 -> 0.94387755 | L14: =Metrika!L15/Metrika!L14 -> 0.91836735 | M14: =Metrika!M15/Metrika!M14 -> 1.0204082 | N14: =Metrika!N15/Metrika!N14 -> 0.89795918 | ... GZ14: =Metrika!GZ15/Metrika!GZ14 -> 0.85714286
E15: Fakt
C16: 2 | D16: Probniyga yangi kelganlar soni | E16: Reja | G16: =Metrika!G17/Metrika!G16 -> 0.8797619 | H16: =Metrika!H17/Metrika!H16 -> 0.8797619 | I16: =Metrika!I17/Metrika!I16 -> 0.8797619 | J16: =Metrika!J17/Metrika!J16 -> 0.96666667 | K16: =Metrika!K17/Metrika!K16 -> 0.95 | L16: =Metrika!L17/Metrika!L16 -> 0.85714286 | M16: =Metrika!M17/Metrika!M16 -> 1 | N16: =Metrika!N17/Metrika!N16 -> 0.91428571 | ... GZ16: =Metrika!GZ17/Metrika!GZ16 -> 0.91428571
E17: Fakt
C18: 3 | D18: Qilingan yangi to'lovlar soni | E18: Reja | G18: =Metrika!G19/Metrika!G18 -> 0.80059524 | H18: =Metrika!H19/Metrika!H18 -> 0.80059524 | I18: =Metrika!I19/Metrika!I18 -> 0.80059524 | J18: =Metrika!J19/Metrika!J18 -> 0.94047619 | K18: =Metrika!K19/Metrika!K18 -> 0.91071429 | L18: =Metrika!L19/Metrika!L18 -> 0.85714286 | M18: =Metrika!M19/Metrika!M18 -> 1 | N18: =Metrika!N19/Metrika!N18 -> 1.0714286 | ... GZ18: =Metrika!GZ19/Metrika!GZ18 -> 0.85714286
E19: Fakt
B20: Product | C20: 1 | D20: Konsultatsiya olgan mijozlar soni | E20: Reja | G20: =Metrika!G21/Metrika!G20 -> 0.8234127 | H20: =Metrika!H21/Metrika!H20 -> 0.8234127 | I20: =Metrika!I21/Metrika!I20 -> 0.8234127 | J20: =Metrika!J21/Metrika!J20 -> 0.87103175 | K20: =Metrika!K21/Metrika!K20 -> 0.83928571 | L20: =Metrika!L21/Metrika!L20 -> 0.83333333 | M20: =Metrika!M21/Metrika!M20 -> 0.80952381 | N20: =Metrika!N21/Metrika!N20 -> 0.76190476 | ... GZ20: =Metrika!GZ21/Metrika!GZ20 -> 0.71428571
E21: Fakt
C22: 2 | D22: O'qiyotgan yangi o'quvchilar soni | E22: Reja | G22: =Metrika!G23/Metrika!G22 -> 0.82291667 | H22: =Metrika!H23/Metrika!H22 -> 0.82291667 | I22: =Metrika!I23/Metrika!I22 -> 0.82291667 | J22: =Metrika!J23/Metrika!J22 -> 0.91666667 | K22: =Metrika!K23/Metrika!K22 -> 0.86607143 | L22: =Metrika!L23/Metrika!L22 -> 0.78571429 | M22: =Metrika!M23/Metrika!M22 -> 0.85714286 | N22: =Metrika!N23/Metrika!N22 -> 0.89285714 | ... GZ22: =Metrika!GZ23/Metrika!GZ22 -> 0.71428571
E23: Fakt
C24: 3 | D24: Sarafan orqali kelgan mijozlar soni | E24: Reja | G24: =Metrika!G25/Metrika!G24 -> 0.77678571 | H24: =Metrika!H25/Metrika!H24 -> 0.77678571 | I24: =Metrika!I25/Metrika!I24 -> 0.77678571 | J24: =Metrika!J25/Metrika!J24 -> 0.83333333 | K24: =Metrika!K25/Metrika!K24 -> 0.875 | L24: =Metrika!L25/Metrika!L24 -> 0.71428571 | M24: =Metrika!M25/Metrika!M24 -> 0.85714286 | N24: =Metrika!N25/Metrika!N24 -> 0.92857143 | ... GZ24: =Metrika!GZ25/Metrika!GZ24 -> 0.85714286
E25: Fakt
C26: 4 | D26: O'qiyotgan umumiy o'quvchilar soni | E26: Reja | G26: =Metrika!G27/Metrika!G26 -> 0.89583333 | H26: =Metrika!H27/Metrika!H26 -> 0.89583333 | I26: =Metrika!I27/Metrika!I26 -> 0.89583333 | J26: =Metrika!J27/Metrika!J26 -> 0.945 | K26: =Metrika!K27/Metrika!K26 -> 0.93 | L26: =Metrika!L27/Metrika!L26 -> 0.9 | M26: =Metrika!M27/Metrika!M26 -> 0.92 | N26: =Metrika!N27/Metrika!N26 -> 0.94 | ... GZ26: =Metrika!GZ27/Metrika!GZ26 -> 0.92
E27: Fakt
B28: Moliya | C28: 1 | D28: Daromadlar | E28: Reja | G28: =Metrika!G29/Metrika!G28 -> 0.91904762 | H28: =Metrika!H29/Metrika!H28 -> 0.91904762 | I28: =Metrika!I29/Metrika!I28 -> 0.91904762 | J28: =Metrika!J29/Metrika!J28 -> 0.97619048 | K28: =Metrika!K29/Metrika!K28 -> 0.95714286 | L28: =Metrika!L29/Metrika!L28 -> 0.92857143 | M28: =Metrika!M29/Metrika!M28 -> 0.95714286 | N28: =Metrika!N29/Metrika!N28 -> 0.94285714 | ... GZ28: =Metrika!GZ29/Metrika!GZ28 -> 0.87142857
E29: Fakt
C30: 2 | D30: Xarajatlar | E30: Reja | G30: =Metrika!G31/Metrika!G30 -> 0.89583333 | H30: =Metrika!H31/Metrika!H30 -> 0.89583333 | I30: =Metrika!I31/Metrika!I30 -> 0.89583333 | J30: =Metrika!J31/Metrika!J30 -> 0.94642857 | K30: =Metrika!K31/Metrika!K30 -> 0.91071429 | L30: =Metrika!L31/Metrika!L30 -> 0.85714286 | M30: =Metrika!M31/Metrika!M30 -> 0.96428571 | N30: =Metrika!N31/Metrika!N30 -> 0.89285714 | ... GZ30: =Metrika!GZ31/Metrika!GZ30 -> 0.75
E31: Fakt
C32: 3 | D32: Foyda tushumi | E32: Reja | G32: =Metrika!G33/Metrika!G32 -> 0.77046131 | H32: =Metrika!H33/Metrika!H32 -> 0.76934524 | I32: =Metrika!I33/Metrika!I32 -> 0.7687872 | J32: =Metrika!J33/Metrika!J32 -> 0.82105655 | K32: =Metrika!K33/Metrika!K32 -> 0.96875 | L32: =Metrika!L33/Metrika!L32 -> 0.94642857 | M32: =Metrika!M33/Metrika!M32 -> 0.95535714 | N32: =Metrika!N33/Metrika!N32 -> 0.95535714 | ... GZ32: =Metrika!GZ33/Metrika!GZ32 -> 0.90178571
E33: Fakt

Sheet Choraklik metrika
B2: Choraklik metrika | F2: Yil 1 | J2: Yil 2 | N2: Yil 3
D3: Metrika (ko'rsatkichlar) | F3: Chorak 1 | G3: Chorak 2 | H3: Chorak 3 | I3: Chorak 4 | J3: Chorak 5 | K3: Chorak 6 | L3: Chorak 7 | M3: Chorak 8 | N3: Chorak 9 | O3: Chorak 10 | P3: Chorak 11 | Q3: Chorak 12 | R3: Umumiy | S3: % bajarilish
B4: Marketing | C4: 1 | D4: Ko'rgan odamlar soni | E4: Reja | F4: 21000 | G4: 21000 | H4: 21000 | I4: 21000 | J4: 21000 | K4: 21000 | L4: 21000 | M4: 21000 | N4: 21000 | O4: 21000 | P4: 21000 | Q4: 21000 | R4: =SUM(F4:Q4) -> 252000 | S4: =IFERROR(R5/R4,"") -> 0.96349206
E5: Fakt | F5: 20000 | G5: 20500 | H5: 19000 | I5: 19500 | J5: 18500 | K5: 20000 | L5: 21000 | M5: 17500 | N5: 20800 | O5: 21500 | P5: 22000 | Q5: 22500 | R5: =SUM(F5:Q5) -> 242800
C6: 2 | D6: Qiziqqan odamlar soni | E6: Reja | F6: 4200 | G6: 4200 | H6: 4200 | I6: 4200 | J6: 4200 | K6: 4200 | L6: 4200 | M6: 4200 | N6: 4200 | O6: 4200 | P6: 4200 | Q6: 4200 | R6: =SUM(F6:Q6) -> 50400 | S6: =IFERROR(R7/R6,"") -> 0.97420635
E7: Fakt | F7: 4000 | G7: 4100 | H7: 4200 | I7: 4500 | J7: 4400 | K7: 4600 | L7: 4800 | M7: 3800 | N7: 3500 | O7: 3600 | P7: 3700 | Q7: 3900 | R7: =SUM(F7:Q7) -> 49100
C8: 3 | D8: Tushurilgan yangi lidlar soni | E8: Reja | F8: 840 | G8: 840 | H8: 840 | I8: 840 | J8: 840 | K8: 840 | L8: 840 | M8: 840 | N8: 840 | O8: 840 | P8: 840 | Q8: 840 | R8: =SUM(F8:Q8) -> 10080 | S8: =IFERROR(R9/R8,"") -> 0.97619048
E9: Fakt | F9: 780 | G9: 790 | H9: 800 | I9: 810 | J9: 815 | K9: 820 | L9: 825 | M9: 830 | N9: 835 | O9: 840 | P9: 845 | Q9: 850 | R9: =SUM(F9:Q9) -> 9840
B10: Sotuv | C10: 1 | D10: Qilingan yangi qo'ng'iroqlar soni | E10: Reja | F10: 600 | G10: 600 | H10: 600 | I10: 600 | J10: 600 | K10: 600 | L10: 600 | M10: 600 | N10: 600 | O10: 600 | P10: 600 | Q10: 600 | R10: =SUM(F10:Q10) -> 7200 | S10: =IFERROR(R11/R10,"") -> 0.81458333
E11: Fakt | F11: 490 | G11: 480 | H11: 470 | I11: 455 | J11: 485 | K11: 475 | L11: 480 | M11: 495 | N11: 490 | O11: 500 | P11: 505 | Q11: 540 | R11: =SUM(F11:Q11) -> 5865
C12: 2 | D12: Probniyga yangi kelganlar soni | E12: Reja | F12: 420 | G12: 420 | H12: 420 | I12: 420 | J12: 420 | K12: 420 | L12: 420 | M12: 420 | N12: 420 | O12: 420 | P12: 420 | Q12: 420 | R12: =SUM(F12:Q12) -> 5040 | S12: =IFERROR(R13/R12,"") -> 0.93253968
E13: Fakt | F13: 350 | G13: 370 | H13: 380 | I13: 400 | J13: 405 | K13: 395 | L13: 420 | M13: 410 | N13: 430 | O13: 400 | P13: 350 | Q13: 390 | R13: =SUM(F13:Q13) -> 4700
C14: 3 | D14: Qilingan yangi to'lovlar soni | E14: Reja | F14: 168 | G14: 168 | H14: 168 | I14: 168 | J14: 168 | K14: 168 | L14: 168 | M14: 168 | N14: 168 | O14: 168 | P14: 168 | Q14: 168 | R14: =SUM(F14:Q14) -> 2016 | S14: =IFERROR(R15/R14,"") -> 0.9047619
E15: Fakt | F15: 150 | G15: 155 | H15: 145 | I15: 165 | J15: 130 | K15: 145 | L15: 148 | M15: 135 | N15: 140 | O15: 166 | P15: 170 | Q15: 175 | R15: =SUM(F15:Q15) -> 1824
B16: Product | C16: 1 | D16: Konsultatsiya olgan mijozlar soni | E16: Reja | F16: 504 | G16: 504 | H16: 504 | I16: 504 | J16: 504 | K16: 504 | L16: 504 | M16: 504 | N16: 504 | O16: 504 | P16: 504 | Q16: 504 | R16: =SUM(F16:Q16) -> 6048 | S16: =IFERROR(R17/R16,"") -> 0.95403439
E17: Fakt | F17: 450 | G17: 460 | H17: 450 | I17: 455 | J17: 475 | K17: 480 | L17: 485 | M17: 490 | N17: 495 | O17: 500 | P17: 510 | Q17: 520 | R17: =SUM(F17:Q17) -> 5770
C18: 2 | D18: O'qiyotgan yangi o'quvchilar soni | E18: Reja | F18: 336 | G18: 336 | H18: 336 | I18: 336 | J18: 336 | K18: 336 | L18: 336 | M18: 336 | N18: 336 | O18: 336 | P18: 336 | Q18: 336 | R18: =SUM(F18:Q18) -> 4032 | S18: =IFERROR(R19/R18,"") -> 0.97222222
E19: Fakt | F19: 330 | G19: 320 | H19: 325 | I19: 310 | J19: 315 | K19: 330 | L19: 340 | M19: 350 | N19: 300 | O19: 320 | P19: 350 | Q19: 330 | R19: =SUM(F19:Q19) -> 3920
C20: 3 | D20: Sarafan orqali kelgan mijozlar soni | E20: Reja | F20: 168 | G20: 168 | H20: 168 | I20: 168 | J20: 168 | K20: 168 | L20: 168 | M20: 168 | N20: 168 | O20: 168 | P20: 168 | Q20: 168 | R20: =SUM(F20:Q20) -> 2016 | S20: =IFERROR(R21/R20,"") -> 0.89136905
E21: Fakt | F21: 155 | G21: 160 | H21: 165 | I21: 64 | J21: 156 | K21: 150 | L21: 145 | M21: 158 | N21: 152 | O21: 162 | P21: 164 | Q21: 166 | R21: =SUM(F21:Q21) -> 1797
C22: 4 | D22: O'qiyotgan umumiy o'quvchilar soni | E22: Reja | F22: 600 | G22: 600 | H22: 600 | I22: 600 | J22: 600 | K22: 600 | L22: 600 | M22: 600 | N22: 600 | O22: 600 | P22: 600 | Q22: 600 | R22: =SUM(F22:Q22) -> 7200 | S22: =IFERROR(R23/R22,"") -> 0.90666667
E23: Fakt | F23: 545 | G23: 56 | H23: 575 | I23: 582 | J23: 590 | K23: 605 | L23: 600 | M23: 610 | N23: 625 | O23: 550 | P23: 570 | Q23: 620 | R23: =SUM(F23:Q23) -> 6528
B24: Moliya | C24: 1 | D24: Daromadlar | E24: Reja | F24: 84000000 | G24: 84000000 | H24: 84000000 | I24: 84000000 | J24: 84000000 | K24: 84000000 | L24: 84000000 | M24: 84000000 | N24: 84000000 | O24: 84000000 | P24: 84000000 | Q24: 84000000 | R24: =SUM(F24:Q24) -> 1008000000 | S24: =IFERROR(R25/R24,"") -> 0.96626984
E25: Fakt | F25: 80000000 | G25: 81000000 | H25: 83000000 | I25: 84000000 | J25: 81000000 | K25: 82000000 | L25: 80000000 | M25: 79000000 | N25: 78000000 | O25: 82000000 | P25: 81500000 | Q25: 82500000 | R25: =SUM(F25:Q25) -> 974000000
C26: 2 | D26: Xarajatlar | E26: Reja | F26: 16800000 | G26: 16800000 | H26: 16800000 | I26: 16800000 | J26: 16800000 | K26: 16800000 | L26: 16800000 | M26: 16800000 | N26: 16800000 | O26: 16800000 | P26: 16800000 | Q26: 16800000 | R26: =SUM(F26:Q26) -> 201600000 | S26: =IFERROR(R26/R27,"") -> 0.99017682
E27: Fakt | F27: 16000000 | G27: 16500000 | H27: 16600000 | I27: 17000000 | J27: 17500000 | K27: 18500000 | L27: 18000000 | M27: 19000000 | N27: 19500000 | O27: 18000000 | P27: 15000000 | Q27: 12000000 | R27: =SUM(F27:Q27) -> 203600000
C28: 3 | D28: Foyda tushumi | E28: Reja | F28: 67200000 | G28: 67200000 | H28: 67200000 | I28: 67200000 | J28: 67200000 | K28: 67200000 | L28: 67200000 | M28: 67200000 | N28: 67200000 | O28: 67200000 | P28: 67200000 | Q28: 67200000 | R28: =SUM(F28:Q28) -> 806400000 | S28: =IFERROR(R29/R28,"") -> 0.95535714
E29: Fakt | F29: =F25-F27 -> 64000000 | G29: =G25-G27 -> 64500000 | H29: =H25-H27 -> 66400000 | I29: =I25-I27 -> 67000000 | J29: =J25-J27 -> 63500000 | K29: =K25-K27 -> 63500000 | L29: =L25-L27 -> 62000000 | M29: =M25-M27 -> 60000000 | ... Q29: =Q25-Q27 -> 70500000 | R29: =SUM(F29:Q29) -> 770400000
T30: 0.01

Sheet Oylik metrika
B2: Oylik metrika | F2: Chorak 1 | I2: Chorak 2 | L2: Chorak 3 | O2: Chorak 4
D3: Metrika (ko'rsatkichlar) | F3: Oy 1 | G3: Oy 2 | H3: Oy 3 | I3: Oy 4 | J3: Oy 5 | K3: Oy 6 | L3: Oy 7 | M3: Oy 8 | N3: Oy 9 | O3: Oy 10 | P3: Oy 11 | Q3: Oy 12 | R3: Umumiy | S3: % bajarilish
B4: Marketing | C4: 1 | D4: Ko'rgan odamlar soni | E4: Reja | F4: 7000 | G4: 7000 | H4: 7000 | I4: 7000 | J4: 7000 | K4: 7000 | L4: 7000 | M4: 7000 | N4: 7000 | O4: 7000 | P4: 7000 | Q4: 7000 | R4: =SUM(F4:Q4) -> 84000 | S4: =IFERROR(R5/R4,"") -> 0.9797619
E5: Fakt | F5: 6500 | G5: 6800 | H5: 6700 | I5: 6600 | J5: 6800 | K5: 6900 | L5: 7000 | M5: 7050 | N5: 7100 | O5: 6950 | P5: 6900 | Q5: 7000 | R5: =SUM(F5:Q5) -> 82300
C6: 2 | D6: Qiziqqan odamlar soni | E6: Reja | F6: 1400 | G6: 1400 | H6: 1400 | I6: 1400 | J6: 1400 | K6: 1400 | L6: 1400 | M6: 1400 | N6: 1400 | O6: 1400 | P6: 1400 | Q6: 1400 | R6: =SUM(F6:Q6) -> 16800 | S6: =IFERROR(R7/R6,"") -> 0.97440476
E7: Fakt | F7: 1300 | G7: 1350 | H7: 1320 | I7: 1330 | J7: 1340 | K7: 1360 | L7: 1370 | M7: 1380 | N7: 1390 | O7: 1400 | P7: 1410 | Q7: 1420 | R7: =SUM(F7:Q7) -> 16370
C8: 3 | D8: Tushurilgan yangi lidlar soni | E8: Reja | F8: 280 | G8: 280 | H8: 280 | I8: 280 | J8: 280 | K8: 280 | L8: 280 | M8: 280 | N8: 280 | O8: 280 | P8: 280 | Q8: 280 | R8: =SUM(F8:Q8) -> 3360 | S8: =IFERROR(R9/R8,"") -> 0.96130952
E9: Fakt | F9: 240 | G9: 260 | H9: 250 | I9: 255 | J9: 260 | K9: 270 | L9: 280 | M9: 285 | N9: 290 | O9: 275 | P9: 270 | Q9: 295 | R9: =SUM(F9:Q9) -> 3230
B10: Sotuv | C10: 1 | D10: Qilingan yangi qo'ng'iroqlar soni | E10: Reja | F10: 200 | G10: 200 | H10: 200 | I10: 200 | J10: 200 | K10: 200 | L10: 200 | M10: 200 | N10: 200 | O10: 200 | P10: 200 | Q10: 200 | R10: =SUM(F10:Q10) -> 2400 | S10: =IFERROR(R11/R10,"") -> 0.99125
E11: Fakt | F11: 190 | G11: 185 | H11: 189 | I11: 194 | J11: 195 | K11: 200 | L11: 204 | M11: 205 | N11: 200 | O11: 202 | P11: 207 | Q11: 208 | R11: =SUM(F11:Q11) -> 2379
C12: 2 | D12: Probniyga yangi kelganlar soni | E12: Reja | F12: 140 | G12: 140 | H12: 140 | I12: 140 | J12: 140 | K12: 140 | L12: 140 | M12: 140 | N12: 140 | O12: 140 | P12: 140 | Q12: 140 | R12: =SUM(F12:Q12) -> 1680 | S12: =IFERROR(R13/R12,"") -> 0.96904762
E13: Fakt | F13: 120 | G13: 130 | H13: 135 | I13: 125 | J13: 140 | K13: 145 | L13: 126 | M13: 134 | N13: 136 | O13: 142 | P13: 145 | Q13: 150 | R13: =SUM(F13:Q13) -> 1628
C14: 3 | D14: Qilingan yangi to'lovlar soni | E14: Reja | F14: 56 | G14: 56 | H14: 56 | I14: 56 | J14: 56 | K14: 56 | L14: 56 | M14: 56 | N14: 56 | O14: 56 | P14: 56 | Q14: 56 | R14: =SUM(F14:Q14) -> 672 | S14: =IFERROR(R15/R14,"") -> 0.92410714
E15: Fakt | F15: 45 | G15: 48 | H15: 52 | I15: 50 | J15: 51 | K15: 44 | L15: 48 | M15: 55 | N15: 56 | O15: 54 | P15: 58 | Q15: 60 | R15: =SUM(F15:Q15) -> 621
B16: Product | C16: 1 | D16: Konsultatsiya olgan mijozlar soni | E16: Reja | F16: 168 | G16: 168 | H16: 168 | I16: 168 | J16: 168 | K16: 168 | L16: 168 | M16: 168 | N16: 168 | O16: 168 | P16: 168 | Q16: 168 | R16: =SUM(F16:Q16) -> 2016 | S16: =IFERROR(R17/R16,"") -> 0.9702381
E17: Fakt | F17: 155 | G17: 156 | H17: 160 | I17: 165 | J17: 166 | K17: 168 | L17: 170 | M17: 160 | N17: 170 | O17: 166 | P17: 170 | Q17: 150 | R17: =SUM(F17:Q17) -> 1956
C18: 2 | D18: O'qiyotgan yangi o'quvchilar soni | E18: Reja | F18: 112 | G18: 112 | H18: 112 | I18: 112 | J18: 112 | K18: 112 | L18: 112 | M18: 112 | N18: 112 | O18: 112 | P18: 112 | Q18: 112 | R18: =SUM(F18:Q18) -> 1344 | S18: =IFERROR(R19/R18,"") -> 0.9702381
E19: Fakt | F19: 100 | G19: 105 | H19: 106 | I19: 108 | J19: 110 | K19: 112 | L19: 115 | M19: 100 | N19: 110 | O19: 105 | P19: 115 | Q19: 118 | R19: =SUM(F19:Q19) -> 1304
C20: 3 | D20: Sarafan orqali kelgan mijozlar soni | E20: Reja | F20: 56 | G20: 56 | H20: 56 | I20: 56 | J20: 56 | K20: 56 | L20: 56 | M20: 56 | N20: 56 | O20: 56 | P20: 56 | Q20: 56 | R20: =SUM(F20:Q20) -> 672 | S20: =IFERROR(R21/R20,"") -> 0.92559524
E21: Fakt | F21: 45 | G21: 48 | H21: 46 | I21: 50 | J21: 52 | K21: 55 | L21: 54 | M21: 56 | N21: 58 | O21: 60 | P21: 48 | Q21: 50 | R21: =SUM(F21:Q21) -> 622
C22: 4 | D22: O'qiyotgan umumiy o'quvchilar soni | E22: Reja | F22: 200 | G22: 200 | H22: 200 | I22: 200 | J22: 200 | K22: 200 | L22: 200 | M22: 200 | N22: 200 | O22: 200 | P22: 200 | Q22: 200 | R22: =SUM(F22:Q22) -> 2400 | S22: =IFERROR(R23/R22,"") -> 0.99666667
E23: Fakt | F23: 190 | G23: 185 | H23: 180 | I23: 175 | J23: 195 | K23: 198 | L23: 200 | M23: 205 | N23: 204 | O23: 210 | P23: 220 | Q23: 230 | R23: =SUM(F23:Q23) -> 2392
B24: Moliya | C24: 1 | D24: Daromadlar | E24: Reja | F24: 28000000 | G24: 28000000 | H24: 28000000 | I24: 28000000 | J24: 28000000 | K24: 28000000 | L24: 28000000 | M24: 28000000 | N24: 28000000 | O24: 28000000 | P24: 28000000 | Q24: 28000000 | R24: =SUM(F24:Q24) -> 336000000 | S24: =IFERROR(R25/R24,"") -> 0.98958333
E25: Fakt | F25: 25000000 | G25: 26000000 | H25: 26500000 | I25: 25000000 | J25: 25500000 | K25: 27500000 | L25: 28000000 | M25: 28500000 | N25: 29000000 | O25: 29500000 | P25: 30000000 | Q25: 32000000 | R25: =SUM(F25:Q25) -> 332500000
C26: 2 | D26: Xarajatlar | E26: Reja | F26: 5600000 | G26: 5600000 | H26: 5600000 | I26: 5600000 | J26: 5600000 | K26: 5600000 | L26: 5600000 | M26: 5600000 | N26: 5600000 | O26: 5600000 | P26: 5600000 | Q26: 5600000 | R26: =SUM(F26:Q26) -> 67200000 | S26: =IFERROR(R26/R27,"") -> 1.0112867
E27: Fakt | F27: 5400000 | G27: 5500000 | H27: 5300000 | I27: 5600000 | J27: 5700000 | K27: 5400000 | L27: 5550000 | M27: 5600000 | N27: 5400000 | O27: 5700000 | P27: 5800000 | Q27: 5500000 | R27: =SUM(F27:Q27) -> 66450000
C28: 3 | D28: Foyda tushumi | E28: Reja | F28: 22400000 | G28: 22400000 | H28: 22400000 | I28: 22400000 | J28: 22400000 | K28: 22400000 | L28: 22400000 | M28: 22400000 | N28: 22400000 | O28: 22400000 | P28: 22400000 | Q28: 22400000 | R28: =SUM(F28:Q28) -> 268800000 | S28: =IFERROR(R29/R28,"") -> 0.98976935
E29: Fakt | F29: =F25-F27 -> 19600000 | G29: =G25-G27 -> 20500000 | H29: =H25-H27 -> 21200000 | I29: =I25-I27 -> 19400000 | J29: =J25-J27 -> 19800000 | K29: =K25-K27 -> 22100000 | L29: =L25-L27 -> 22450000 | M29: =M25-M27 -> 22900000 | ... Q29: =Q25-Q27 -> 26500000 | R29: =SUM(F29:Q29) -> 266050000
T30: 0.01

Sheet Haftalik metrika
A2: Haftalik metrika | E2: Oy 1 | I2: Oy 2 | M2: Oy 3 | Q2: Oy 4 | U2: Oy 5 | Y2: Oy 6
C3: Metrika (ko'rsatkichlar) | E3: Hafta 1 | F3: Hafta 2 | G3: Hafta 3 | H3: Hafta 4 | I3: Hafta 5 | J3: Hafta 6 | K3: Hafta 7 | L3: Hafta 8 | M3: Hafta 9 | N3: Hafta 10 | O3: Hafta 11 | P3: Hafta 12 | Q3: Hafta 13 | R3: Hafta 14 | S3: Hafta 15 | T3: Hafta 16 | U3: Hafta 17 | V3: Hafta 18 | W3: Hafta 19 | X3: Hafta 20 | Y3: Hafta 21 | Z3: Hafta 22 | AA3: Hafta 23 | AB3: Hafta 24 | AC3: Umumiy | AD3: % bajarilish
A4: Marketing | B4: 1 | C4: Ko'rgan odamlar soni | D4: Reja | E4: 1750 | F4: 1750 | G4: 1750 | H4: 1750 | I4: 1750 | J4: 1750 | K4: 1750 | L4: 1750 | M4: 1750 | N4: 1750 | O4: 1750 | P4: 1750 | Q4: 1750 | R4: 1750 | S4: 1750 | T4: 1750 | U4: 1750 | V4: 1750 | W4: 1750 | X4: 1750 | Y4: 1750 | Z4: 1750 | AA4: 1750 | AB4: 1750 | AC4: =SUM(E4:AB4) -> 42000 | AD4: =IFERROR(AC5/AC4,"") -> 0.97835714
D5: Fakt | E5: =SUM('Kunlik metrika'!F5:L5) -> 1656 | F5: 1660 | G5: 1700 | H5: 1680 | I5: 1690 | J5: 1700 | K5: 1750 | L5: 1760 | M5: 1740 | N5: 1720 | O5: 1780 | P5: 1740 | Q5: 1760 | R5: 1700 | S5: 1680 | T5: 1660 | U5: 1650 | V5: 1680 | W5: 1700 | X5: 1720 | Y5: 1730 | Z5: 1740 | AA5: 1745 | AB5: 1750 | AC5: =SUM(E5:AB5) -> 41091
B6: 2 | C6: Qiziqqan odamlar soni | D6: Reja | E6: 350 | F6: 350 | G6: 350 | H6: 350 | I6: 350 | J6: 350 | K6: 350 | L6: 350 | M6: 350 | N6: 350 | O6: 350 | P6: 350 | Q6: 350 | R6: 350 | S6: 350 | T6: 350 | U6: 350 | V6: 350 | W6: 350 | X6: 350 | Y6: 350 | Z6: 350 | AA6: 350 | AB6: 350 | AC6: =SUM(E6:AB6) -> 8400 | AD6: =IFERROR(AC7/AC6,"") -> 0.97357143
D7: Fakt | E7: 330 | F7: 345 | G7: 340 | H7: 350 | I7: 330 | J7: 320 | K7: 325 | L7: 360 | M7: 324 | N7: 355 | O7: 345 | P7: 350 | Q7: 324 | R7: 335 | S7: 355 | T7: 340 | U7: 342 | V7: 352 | W7: 328 | X7: 339 | Y7: 340 | Z7: 345 | AA7: 354 | AB7: 350 | AC7: =SUM(E7:AB7) -> 8178
B8: 3 | C8: Tushurilgan yangi lidlar soni | D8: Reja | E8: 70 | F8: 70 | G8: 70 | H8: 70 | I8: 70 | J8: 70 | K8: 70 | L8: 70 | M8: 70 | N8: 70 | O8: 70 | P8: 70 | Q8: 70 | R8: 70 | S8: 70 | T8: 70 | U8: 70 | V8: 70 | W8: 70 | X8: 70 | Y8: 70 | Z8: 70 | AA8: 70 | AB8: 70 | AC8: =SUM(E8:AB8) -> 1680 | AD8: =IFERROR(AC9/AC8,"") -> 0.8797619
D9: Fakt | E9: 65 | F9: 60 | G9: 55 | H9: 68 | I9: 70 | J9: 58 | K9: 72 | L9: 74 | M9: 68 | N9: 65 | O9: 64 | P9: 50 | Q9: 55 | R9: 55 | S9: 50 | T9: 54 | U9: 56 | V9: 58 | W9: 59 | X9: 62 | Y9: 63 | Z9: 64 | AA9: 65 | AB9: 68 | AC9: =SUM(E9:AB9) -> 1478
A10: Sotuv | B10: 1 | C10: Qilingan yangi qo'ng'iroqlar soni | D10: Reja | E10: 49 | F10: 49 | G10: 49 | H10: 49 | I10: 49 | J10: 49 | K10: 49 | L10: 49 | M10: 49 | N10: 49 | O10: 49 | P10: 49 | Q10: 49 | R10: 49 | S10: 49 | T10: 49 | U10: 49 | V10: 49 | W10: 49 | X10: 49 | Y10: 49 | Z10: 49 | AA10: 49 | AB10: 49 | AC10: =SUM(E10:AB10) -> 1176 | AD10: =IFERROR(AC11/AC10,"") -> 0.86989796
D11: Fakt | E11: 45 | F11: 46 | G11: 42 | H11: 40 | I11: 44 | J11: 41 | K11: 35 | L11: 38 | M11: 36 | N11: 34 | O11: 37 | P11: 38 | Q11: 40 | R11: 42 | S11: 47 | T11: 48 | U11: 49 | V11: 50 | W11: 52 | X11: 45 | Y11: 44 | Z11: 43 | AA11: 42 | AB11: 45 | AC11: =SUM(E11:AB11) -> 1023
B12: 2 | C12: Probniyga yangi kelganlar soni | D12: Reja | E12: 35 | F12: 35 | G12: 35 | H12: 35 | I12: 35 | J12: 35 | K12: 35 | L12: 35 | M12: 35 | N12: 35 | O12: 35 | P12: 35 | Q12: 35 | R12: 35 | S12: 35 | T12: 35 | U12: 35 | V12: 35 | W12: 35 | X12: 35 | Y12: 35 | Z12: 35 | AA12: 35 | AB12: 35 | AC12: =SUM(E12:AB12) -> 840 | AD12: =IFERROR(AC13/AC12,"") -> 0.94047619
D13: Fakt | E13: 30 | F13: 32 | G13: 34 | H13: 35 | I13: 30 | J13: 32 | K13: 28 | L13: 29 | M13: 33 | N13: 35 | O13: 30 | P13: 34 | Q13: 32 | R13: 31 | S13: 36 | T13: 34 | U13: 29 | V13: 28 | W13: 36 | X13: 34 | Y13: 38 | Z13: 40 | AA13: 36 | AB13: 34 | AC13: =SUM(E13:AB13) -> 790
B14: 3 | C14: Qilingan yangi to'lovlar soni | D14: Reja | E14: 14 | F14: 14 | G14: 14 | H14: 14 | I14: 14 | J14: 14 | K14: 14 | L14: 14 | M14: 14 | N14: 14 | O14: 14 | P14: 14 | Q14: 14 | R14: 14 | S14: 14 | T14: 14 | U14: 14 | V14: 14 | W14: 14 | X14: 14 | Y14: 14 | Z14: 14 | AA14: 14 | AB14: 14 | AC14: =SUM(E14:AB14) -> 336 | AD14: =IFERROR(AC15/AC14,"") -> 0.85714286
D15: Fakt | E15: 12 | F15: 14 | G15: 13 | H15: 15 | I15: 10 | J15: 12 | K15: 11 | L15: 13 | M15: 9 | N15: 10 | O15: 9 | P15: 12 | Q15: 11 | R15: 14 | S15: 15 | T15: 13 | U15: 12 | V15: 14 | W15: 13 | X15: 12 | Y15: 13 | Z15: 10 | AA15: 12 | AB15: 9 | AC15: =SUM(E15:AB15) -> 288
A16: Product | B16: 1 | C16: Konsultatsiya olgan mijozlar soni | D16: Reja | E16: 42 | F16: 42 | G16: 42 | H16: 42 | I16: 42 | J16: 42 | K16: 42 | L16: 42 | M16: 42 | N16: 42 | O16: 42 | P16: 42 | Q16: 42 | R16: 42 | S16: 42 | T16: 42 | U16: 42 | V16: 42 | W16: 42 | X16: 42 | Y16: 42 | Z16: 42 | AA16: 42 | AB16: 42 | AC16: =SUM(E16:AB16) -> 1008 | AD16: =IFERROR(AC17/AC16,"") -> 0.90674603
D17: Fakt | E17: 38 | F17: 36 | G17: 35 | H17: 39 | I17: 40 | J17: 41 | K17: 42 | L17: 40 | M17: 44 | N17: 39 | O17: 38 | P17: 34 | Q17: 36 | R17: 44 | S17: 40 | T17: 41 | U17: 40 | V17: 43 | W17: 37 | X17: 35 | Y17: 36 | Z17: 34 | AA17: 32 | AB17: 30 | AC17: =SUM(E17:AB17) -> 914
B18: 2 | C18: O'qiyotgan yangi o'quvchilar soni | D18: Reja | E18: 28 | F18: 28 | G18: 28 | H18: 28 | I18: 28 | J18: 28 | K18: 28 | L18: 28 | M18: 28 | N18: 28 | O18: 28 | P18: 28 | Q18: 28 | R18: 28 | S18: 28 | T18: 28 | U18: 28 | V18: 28 | W18: 28 | X18: 28 | Y18: 28 | Z18: 28 | AA18: 28 | AB18: 28 | AC18: =SUM(E18:AB18) -> 672 | AD18: =IFERROR(AC19/AC18,"") -> 0.86309524
D19: Fakt | E19: 20 | F19: 22 | G19: 24 | H19: 23 | I19: 25 | J19: 26 | K19: 27 | L19: 28 | M19: 25 | N19: 24 | O19: 23 | P19: 26 | Q19: 24 | R19: 27 | S19: 22 | T19: 21 | U19: 20 | V19: 24 | W19: 23 | X19: 25 | Y19: 23 | Z19: 24 | AA19: 28 | AB19: 26 | AC19: =SUM(E19:AB19) -> 580
B20: 3 | C20: Sarafan orqali kelgan mijozlar soni | D20: Reja | E20: 14 | F20: 14 | G20: 14 | H20: 14 | I20: 14 | J20: 14 | K20: 14 | L20: 14 | M20: 14 | N20: 14 | O20: 14 | P20: 14 | Q20: 14 | R20: 14 | S20: 14 | T20: 14 | U20: 14 | V20: 14 | W20: 14 | X20: 14 | Y20: 14 | Z20: 14 | AA20: 14 | AB20: 14 | AC20: =SUM(E20:AB20) -> 336 | AD20: =IFERROR(AC21/AC20,"") -> 0.82738095
D21: Fakt | E21: 12 | F21: 13 | G21: 14 | H21: 12 | I21: 14 | J21: 13 | K21: 12 | L21: 11 | M21: 10 | N21: 14 | O21: 15 | P21: 11 | Q21: 14 | R21: 12 | S21: 13 | T21: 9 | U21: 8 | V21: 5 | W21: 10 | X21: 11 | Y21: 11 | Z21: 12 | AA21: 10 | AB21: 12 | AC21: =SUM(E21:AB21) -> 278
B22: 4 | C22: O'qiyotgan umumiy o'quvchilar soni | D22: Reja | E22: 50 | F22: 50 | G22: 50 | H22: 50 | I22: 50 | J22: 50 | K22: 50 | L22: 50 | M22: 50 | N22: 50 | O22: 50 | P22: 50 | Q22: 50 | R22: 50 | S22: 50 | T22: 50 | U22: 50 | V22: 50 | W22: 50 | X22: 50 | Y22: 50 | Z22: 50 | AA22: 50 | AB22: 50 | AC22: =SUM(E22:AB22) -> 1200 | AD22: =IFERROR(AC23/AC22,"") -> 0.97
D23: Fakt | E23: 40 | F23: 42 | G23: 43 | H23: 44 | I23: 46 | J23: 48 | K23: 52 | L23: 50 | M23: 51 | N23: 54 | O23: 53 | P23: 56 | Q23: 54 | R23: 51 | S23: 50 | T23: 48 | U23: 47 | V23: 50 | W23: 45 | X23: 44 | Y23: 47 | Z23: 48 | AA23: 51 | AB23: 50 | AC23: =SUM(E23:AB23) -> 1164
A24: Moliya | B24: 1 | C24: Daromadlar | D24: Reja | E24: 7000000 | F24: 7000000 | G24: 7000000 | H24: 7000000 | I24: 7000000 | J24: 7000000 | K24: 7000000 | L24: 7000000 | M24: 7000000 | N24: 7000000 | O24: 7000000 | P24: 7000000 | Q24: 7000000 | R24: 7000000 | S24: 7000000 | T24: 7000000 | U24: 7000000 | V24: 7000000 | W24: 7000000 | X24: 7000000 | Y24: 7000000 | Z24: 7000000 | AA24: 7000000 | AB24: 7000000 | AC24: =SUM(E24:AB24) -> 168000000 | AD24: =IFERROR(AC25/AC24,"") -> 0.95589286
D25: Fakt | E25: 6000000 | F25: 6500000 | G25: 6000000 | H25: 6200000 | I25: 6400000 | J25: 6450000 | K25: 6500000 | L25: 6600000 | M25: 6750000 | N25: 6400000 | O25: 6800000 | P25: 6850000 | Q25: 6900000 | R25: 7000000 | S25: 7100000 | T25: 7050000 | U25: 6950000 | V25: 6940000 | W25: 6900000 | X25: 7000000 | Y25: 7050000 | Z25: 6700000 | AA25: 6750000 | AB25: 6800000 | AC25: =SUM(E25:AB25) -> 160590000
B26: 2 | C26: Xarajatlar | D26: Reja | E26: 1400000 | F26: 1400000 | G26: 1400000 | H26: 1400000 | I26: 1400000 | J26: 1400000 | K26: 1400000 | L26: 1400000 | M26: 1400000 | N26: 1400000 | O26: 1400000 | P26: 1400000 | Q26: 1400000 | R26: 1400000 | S26: 1400000 | T26: 1400000 | U26: 1400000 | V26: 1400000 | W26: 1400000 | X26: 1400000 | Y26: 1400000 | Z26: 1400000 | AA26: 1400000 | AB26: 1400000 | AC26: =SUM(E26:AB26) -> 33600000 | AD26: =IFERROR(AC26/AC27,"") -> 1.0402477
D27: Fakt | E27: 1250000 | F27: 1300000 | G27: 1350000 | H27: 1340000 | I27: 1320000 | J27: 1400000 | K27: 1380000 | L27: 1200000 | M27: 1100000 | N27: 1450000 | O27: 1500000 | P27: 1540000 | Q27: 1450000 | R27: 1250000 | S27: 1150000 | T27: 1120000 | U27: 1420000 | V27: 1250000 | W27: 1360000 | X27: 1420000 | Y27: 1550000 | Z27: 1600000 | AA27: 1250000 | AB27: 1350000 | AC27: =SUM(E27:AB27) -> 32300000
B28: 3 | C28: Foyda tushumi | D28: Reja | E28: 5600000 | F28: 5600000 | G28: 5600000 | H28: 5600000 | I28: 5600000 | J28: 5600000 | K28: 5600000 | L28: 5600000 | M28: 5600000 | N28: 5600000 | O28: 5600000 | P28: 5600000 | Q28: 5600000 | R28: 5600000 | S28: 5600000 | T28: 5600000 | U28: 5600000 | V28: 5600000 | W28: 5600000 | X28: 5600000 | Y28: 5600000 | Z28: 5600000 | AA28: 5600000 | AB28: 5600000 | AC28: =SUM(E28:AB28) -> 134400000 | AD28: =IFERROR(AC29/AC28,"") -> 0.95453869
D29: Fakt | E29: =E25-E27 -> 4750000 | F29: =F25-F27 -> 5200000 | G29: =G25-G27 -> 4650000 | H29: =H25-H27 -> 4860000 | I29: =I25-I27 -> 5080000 | J29: =J25-J27 -> 5050000 | K29: =K25-K27 -> 5120000 | L29: =L25-L27 -> 5400000 | ... AB29: =AB25-AB27 -> 5450000 | AC29: =SUM(E29:AB29) -> 128290000
AE30: 0.01

Sheet Kunlik metrika
B2: Kunlik metrika | F2: Hafta 1 | M2: Hafta 2 | T2: Hafta 3 | AA2: Hafta 4 | AH2: Hafta 5
D3: Metrika (ko'rsatkichlar) | F3: 44256 | G3: =F3+1 -> 44257 | H3: =G3+1 -> 44258 | I3: =H3+1 -> 44259 | J3: =I3+1 -> 44260 | K3: =J3+1 -> 44261 | L3: =K3+1 -> 44262 | M3: =L3+1 -> 44263 | N3: =M3+1 -> 44264 | ... AJ3: =AI3+1 -> 44286 | AK3: Umumiy | AL3: % bajarilish
B4: Marketing | C4: 1 | D4: Ko'rgan odamlar soni | E4: Reja | F4: 250 | G4: 250 | H4: 250 | I4: 250 | J4: 250 | K4: 250 | L4: 250 | M4: 250 | N4: 250 | O4: 250 | P4: 250 | Q4: 250 | R4: 250 | S4: 250 | T4: 250 | U4: 250 | V4: 250 | W4: 250 | X4: 250 | Y4: 250 | Z4: 250 | AA4: 250 | AB4: 250 | AC4: 250 | AD4: 250 | AE4: 250 | AF4: 250 | AG4: 250 | AH4: 250 | AI4: 250 | AJ4: 250 | AK4: =SUM(F4:AJ4) -> 7750 | AL4: =IFERROR(AK5/AK4,"") -> 1.0082581
E5: Fakt | F5: 220 | G5: 230 | H5: 235 | I5: 245 | J5: 240 | K5: 248 | L5: 238 | M5: 250 | N5: 252 | O5: 255 | P5: 253 | Q5: 245 | R5: 246 | S5: 240 | T5: 244 | U5: 243 | V5: 240 | W5: 245 | X5: 250 | Y5: 255 | Z5: 250 | AA5: 245 | AB5: 244 | AC5: 240 | AD5: 535 | AE5: 230 | AF5: 235 | AG5: 234 | AH5: 240 | AI5: 242 | AJ5: 245 | AK5: =SUM(F5:AJ5) -> 7814
C6: 2 | D6: Qiziqqan odamlar soni | E6: Reja | F6: 50 | G6: 50 | H6: 50 | I6: 50 | J6: 50 | K6: 50 | L6: 50 | M6: 50 | N6: 50 | O6: 50 | P6: 50 | Q6: 50 | R6: 50 | S6: 50 | T6: 50 | U6: 50 | V6: 50 | W6: 50 | X6: 50 | Y6: 50 | Z6: 50 | AA6: 50 | AB6: 50 | AC6: 50 | AD6: 50 | AE6: 50 | AF6: 50 | AG6: 50 | AH6: 50 | AI6: 50 | AJ6: 50 | AK6: =SUM(F6:AJ6) -> 1550 | AL6: =IFERROR(AK7/AK6,"") -> 0.87548387
E7: Fakt | F7: 40 | G7: 41 | H7: 43 | I7: 44 | J7: 42 | K7: 40 | L7: 45 | M7: 44 | N7: 46 | O7: 47 | P7: 48 | Q7: 49 | R7: 50 | S7: 52 | T7: 48 | U7: 45 | V7: 44 | W7: 40 | X7: 38 | Y7: 35 | Z7: 37 | AA7: 36 | AB7: 34 | AC7: 39 | AD7: 41 | AE7: 44 | AF7: 49 | AG7: 48 | AH7: 46 | AI7: 50 | AJ7: 52 | AK7: =SUM(F7:AJ7) -> 1357
C8: 3 | D8: Tushurilgan yangi lidlar soni | E8: Reja | F8: 10 | G8: 10 | H8: 10 | I8: 10 | J8: 10 | K8: 10 | L8: 10 | M8: 10 | N8: 10 | O8: 10 | P8: 10 | Q8: 10 | R8: 10 | S8: 10 | T8: 10 | U8: 10 | V8: 10 | W8: 10 | X8: 10 | Y8: 10 | Z8: 10 | AA8: 10 | AB8: 10 | AC8: 10 | AD8: 10 | AE8: 10 | AF8: 10 | AG8: 10 | AH8: 10 | AI8: 10 | AJ8: 10 | AK8: =SUM(F8:AJ8) -> 310 | AL8: =IFERROR(AK9/AK8,"") -> 0.83548387
E9: Fakt | F9: 8 | G9: 7 | H9: 9 | I9: 6 | J9: 5 | K9: 4 | L9: 8 | M9: 9 | N9: 10 | O9: 11 | P9: 12 | Q9: 7 | R9: 4 | S9: 5 | T9: 3 | U9: 6 | V9: 4 | W9: 5 | X9: 6 | Y9: 7 | Z9: 8 | AA9: 9 | AB9: 10 | AC9: 11 | AD9: 12 | AE9: 13 | AF9: 14 | AG9: 15 | AH9: 12 | AI9: 10 | AJ9: 9 | AK9: =SUM(F9:AJ9) -> 259
B10: Sotuv | C10: 1 | D10: Qilingan yangi qo'ng'iroqlar soni | E10: Reja | F10: 7 | G10: 7 | H10: 7 | I10: 7 | J10: 7 | K10: 7 | L10: 7 | M10: 7 | N10: 7 | O10: 7 | P10: 7 | Q10: 7 | R10: 7 | S10: 7 | T10: 7 | U10: 7 | V10: 7 | W10: 7 | X10: 7 | Y10: 7 | Z10: 7 | AA10: 7 | AB10: 7 | AC10: 7 | AD10: 7 | AE10: 7 | AF10: 7 | AG10: 7 | AH10: 7 | AI10: 7 | AJ10: 7 | AK10: =SUM(F10:AJ10) -> 217 | AL10: =IFERROR(AK11/AK10,"") -> 0.99539171
E11: Fakt | F11: 7 | G11: 7 | H11: 8 | I11: 5 | J11: 4 | K11: 4 | L11: 7 | M11: 8 | N11: 7 | O11: 8 | P11: 10 | Q11: 6 | R11: 4 | S11: 4 | T11: 3 | U11: 4 | V11: 3 | W11: 4 | X11: 5 | Y11: 6 | Z11: 6 | AA11: 7 | AB11: 9 | AC11: 10 | AD11: 8 | AE11: 12 | AF11: 12 | AG11: 13 | AH11: 10 | AI11: 8 | AJ11: 7 | AK11: =SUM(F11:AJ11) -> 216
C12: 2 | D12: Probniyga yangi kelganlar soni | E12: Reja | F12: 5 | G12: 5 | H12: 5 | I12: 5 | J12: 5 | K12: 5 | L12: 5 | M12: 5 | N12: 5 | O12: 5 | P12: 5 | Q12: 5 | R12: 5 | S12: 5 | T12: 5 | U12: 5 | V12: 5 | W12: 5 | X12: 5 | Y12: 5 | Z12: 5 | AA12: 5 | AB12: 5 | AC12: 5 | AD12: 5 | AE12: 5 | AF12: 5 | AG12: 5 | AH12: 5 | AI12: 5 | AJ12: 5 | AK12: =SUM(F12:AJ12) -> 155 | AL12: =IFERROR(AK13/AK12,"") -> 0.77419355
E13: Fakt | F13: 4 | G13: 4 | H13: 3 | I13: 4 | J13: 2 | K13: 3 | L13: 4 | M13: 3 | N13: 4 | O13: 1 | P13: 2 | Q13: 4 | R13: 2 | S13: 4 | T13: 3 | U13: 4 | V13: 3 | W13: 2 | X13: 4 | Y13: 2 | Z13: 4 | AA13: 4 | AB13: 5 | AC13: 7 | AD13: 4 | AE13: 8 | AF13: 7 | AG13: 6 | AH13: 5 | AI13: 4 | AJ13: 4 | AK13: =SUM(F13:AJ13) -> 120
C14: 3 | D14: Qilingan yangi to'lovlar soni | E14: Reja | F14: 2 | G14: 2 | H14: 2 | I14: 2 | J14: 2 | K14: 2 | L14: 2 | M14: 2 | N14: 2 | O14: 2 | P14: 2 | Q14: 2 | R14: 2 | S14: 2 | T14: 2 | U14: 2 | V14: 2 | W14: 2 | X14: 2 | Y14: 2 | Z14: 2 | AA14: 2 | AB14: 2 | AC14: 2 | AD14: 2 | AE14: 2 | AF14: 2 | AG14: 2 | AH14: 2 | AI14: 2 | AJ14: 2 | AK14: =SUM(F14:AJ14) -> 62 | AL14: =IFERROR(AK15/AK14,"") -> 0.90322581
E15: Fakt | F15: 2 | G15: 1 | H15: 2 | I15: 1 | J15: 2 | K15: 1 | L15: 3 | M15: 2 | N15: 1 | O15: 3 | P15: 2 | Q15: 3 | R15: 1 | S15: 1 | T15: 2 | U15: 3 | V15: 2 | W15: 2 | X15: 1 | Y15: 1 | Z15: 1 | AA15: 1 | AB15: 2 | AC15: 3 | AD15: 2 | AE15: 3 | AF15: 1 | AG15: 2 | AH15: 2 | AI15: 1 | AJ15: 2 | AK15: =SUM(F15:AJ15) -> 56
B16: Product | C16: 1 | D16: Konsultatsiya olgan mijozlar soni | E16: Reja | F16: 6 | G16: 6 | H16: 6 | I16: 6 | J16: 6 | K16: 6 | L16: 6 | M16: 6 | N16: 6 | O16: 6 | P16: 6 | Q16: 6 | R16: 6 | S16: 6 | T16: 6 | U16: 6 | V16: 6 | W16: 6 | X16: 6 | Y16: 6 | Z16: 6 | AA16: 6 | AB16: 6 | AC16: 6 | AD16: 6 | AE16: 6 | AF16: 6 | AG16: 6 | AH16: 6 | AI16: 6 | AJ16: 6 | AK16: =SUM(F16:AJ16) -> 186 | AL16: =IFERROR(AK17/AK16,"") -> 0.74193548
E17: Fakt | F17: 4 | G17: 3 | H17: 2 | I17: 4 | J17: 5 | K17: 3 | L17: 4 | M17: 2 | N17: 5 | O17: 6 | P17: 4 | Q17: 5 | R17: 7 | S17: 5 | T17: 4 | U17: 6 | V17: 4 | W17: 3 | X17: 5 | Y17: 7 | Z17: 8 | AA17: 6 | AB17: 4 | AC17: 2 | AD17: 3 | AE17: 4 | AF17: 5 | AG17: 3 | AH17: 4 | AI17: 5 | AJ17: 6 | AK17: =SUM(F17:AJ17) -> 138
C18: 2 | D18: O'qiyotgan yangi o'quvchilar soni | E18: Reja | F18: 4 | G18: 4 | H18: 4 | I18: 4 | J18: 4 | K18: 4 | L18: 4 | M18: 4 | N18: 4 | O18: 4 | P18: 4 | Q18: 4 | R18: 4 | S18: 4 | T18: 4 | U18: 4 | V18: 4 | W18: 4 | X18: 4 | Y18: 4 | Z18: 4 | AA18: 4 | AB18: 4 | AC18: 4 | AD18: 4 | AE18: 4 | AF18: 4 | AG18: 4 | AH18: 4 | AI18: 4 | AJ18: 4 | AK18: =SUM(F18:AJ18) -> 124 | AL18: =IFERROR(AK19/AK18,"") -> 0.58870968
E19: Fakt | F19: 2 | G19: 1 | H19: 2 | I19: 1 | J19: 3 | K19: 2 | L19: 1 | M19: 2 | N19: 3 | O19: 3 | P19: 2 | Q19: 3 | R19: 1 | S19: 3 | T19: 3 | U19: 4 | V19: 2 | W19: 2 | X19: 2 | Y19: 3 | Z19: 4 | AA19: 2 | AB19: 3 | AC19: 2 | AD19: 3 | AE19: 1 | AF19: 2 | AG19: 2 | AH19: 4 | AI19: 3 | AJ19: 2 | AK19: =SUM(F19:AJ19) -> 73
C20: 3 | D20: Sarafan orqali kelgan mijozlar soni | E20: Reja | F20: 2 | G20: 2 | H20: 2 | I20: 2 | J20: 2 | K20: 2 | L20: 2 | M20: 2 | N20: 2 | O20: 2 | P20: 2 | Q20: 2 | R20: 2 | S20: 2 | T20: 2 | U20: 2 | V20: 2 | W20: 2 | X20: 2 | Y20: 2 | Z20: 2 | AA20: 2 | AB20: 2 | AC20: 2 | AD20: 2 | AE20: 2 | AF20: 2 | AG20: 2 | AH20: 2 | AI20: 2 | AJ20: 2 | AK20: =SUM(F20:AJ20) -> 62 | AL20: =IFERROR(AK21/AK20,"") -> 1
E21: Fakt | F21: 1 | G21: 2 | H21: 1 | I21: 2 | J21: 3 | K21: 2 | L21: 1 | M21: 4 | N21: 3 | O21: 1 | P21: 2 | Q21: 3 | R21: 4 | S21: 2 | T21: 3 | U21: 4 | V21: 1 | W21: 2 | X21: 1 | Y21: 2 | Z21: 1 | AA21: 2 | AB21: 2 | AC21: 2 | AD21: 1 | AE21: 1 | AF21: 3 | AG21: 1 | AH21: 1 | AI21: 2 | AJ21: 2 | AK21: =SUM(F21:AJ21) -> 62
C22: 4 | D22: O'qiyotgan umumiy o'quvchilar soni | E22: Reja | F22: 7 | G22: 7 | H22: 7 | I22: 7 | J22: 7 | K22: 7 | L22: 7 | M22: 7 | N22: 7 | O22: 7 | P22: 7 | Q22: 7 | R22: 7 | S22: 7 | T22: 7 | U22: 7 | V22: 7 | W22: 7 | X22: 7 | Y22: 7 | Z22: 7 | AA22: 7 | AB22: 7 | AC22: 7 | AD22: 7 | AE22: 7 | AF22: 7 | AG22: 7 | AH22: 7 | AI22: 7 | AJ22: 7 | AK22: =SUM(F22:AJ22) -> 217 | AL22: =IFERROR(AK23/AK22,"") -> 0.8156682
E23: Fakt | F23: 6 | G23: 4 | H23: 5 | I23: 4 | J23: 5 | K23: 6 | L23: 7 | M23: 4 | N23: 5 | O23: 5 | P23: 7 | Q23: 6 | R23: 8 | S23: 4 | T23: 8 | U23: 4 | V23: 6 | W23: 5 | X23: 7 | Y23: 4 | Z23: 8 | AA23: 5 | AB23: 7 | AC23: 6 | AD23: 4 | AE23: 7 | AF23: 8 | AG23: 5 | AH23: 4 | AI23: 6 | AJ23: 7 | AK23: =SUM(F23:AJ23) -> 177
B24: Moliya | C24: 1 | D24: Daromadlar | E24: Reja | F24: 1000000 | G24: 1000000 | H24: 1000000 | I24: 1000000 | J24: 1000000 | K24: 1000000 | L24: 1000000 | M24: 1000000 | N24: 1000000 | O24: 1000000 | P24: 1000000 | Q24: 1000000 | R24: 1000000 | S24: 1000000 | T24: 1000000 | U24: 1000000 | V24: 1000000 | W24: 1000000 | X24: 1000000 | Y24: 1000000 | Z24: 1000000 | AA24: 1000000 | AB24: 1000000 | AC24: 1000000 | AD24: 1000000 | AE24: 1000000 | AF24: 1000000 | AG24: 1000000 | AH24: 1000000 | AI24: 1000000 | AJ24: 1000000 | AK24: =SUM(F24:AJ24) -> 31000000 | AL24: =IFERROR(AK25/AK24,"") -> 0.88774194
E25: Fakt | F25: 800000 | G25: 850000 | H25: 860000 | I25: 880000 | J25: 1000000 | K25: 900000 | L25: 920000 | M25: 930000 | N25: 940000 | O25: 950000 | P25: 1050000 | Q25: 960000 | R25: 940000 | S25: 750000 | T25: 780000 | U25: 820000 | V25: 850000 | W25: 920000 | X25: 1020000 | Y25: 1030000 | Z25: 1040000 | AA25: 880000 | AB25: 750000 | AC25: 780000 | AD25: 700000 | AE25: 800000 | AF25: 840000 | AG25: 800000 | AH25: 890000 | AI25: 940000 | AJ25: 950000 | AK25: =SUM(F25:AJ25) -> 27520000
C26: 2 | D26: Xarajatlar | E26: Reja | F26: 200000 | G26: 200000 | H26: 200000 | I26: 200000 | J26: 200000 | K26: 200000 | L26: 200000 | M26: 200000 | N26: 200000 | O26: 200000 | P26: 200000 | Q26: 200000 | R26: 200000 | S26: 200000 | T26: 200000 | U26: 200000 | V26: 200000 | W26: 200000 | X26: 200000 | Y26: 200000 | Z26: 200000 | AA26: 200000 | AB26: 200000 | AC26: 200000 | AD26: 200000 | AE26: 200000 | AF26: 200000 | AG26: 200000 | AH26: 200000 | AI26: 200000 | AJ26: 200000 | AK26: =SUM(F26:AJ26) -> 6200000 | AL26: =IFERROR(AK26/AK27,"") -> 1.0153947
E27: Fakt | F27: 180000 | G27: 190000 | H27: 200000 | I27: 210000 | J27: 200000 | K27: 195000 | L27: 170000 | M27: 175000 | N27: 150000 | O27: 155000 | P27: 220000 | Q27: 230000 | R27: 200000 | S27: 195000 | T27: 200000 | U27: 210000 | V27: 205000 | W27: 220000 | X27: 185000 | Y27: 188000 | Z27: 178000 | AA27: 195000 | AB27: 190000 | AC27: 192000 | AD27: 198000 | AE27: 200000 | AF27: 205000 | AG27: 210000 | AH27: 215000 | AI27: 220000 | AJ27: 225000 | AK27: =SUM(F27:AJ27) -> 6106000
C28: 3 | D28: Foyda tushumi | E28: Reja | F28: 800000 | G28: 800000 | H28: 800000 | I28: 800000 | J28: 800000 | K28: 800000 | L28: 800000 | M28: 800000 | N28: 800000 | O28: 800000 | P28: 800000 | Q28: 800000 | R28: 800000 | S28: 800000 | T28: 800000 | U28: 800000 | V28: 800000 | W28: 800000 | X28: 800000 | Y28: 800000 | Z28: 800000 | AA28: 800000 | AB28: 800000 | AC28: 800000 | AD28: 800000 | AE28: 800000 | AF28: 800000 | AG28: 800000 | AH28: 800000 | AI28: 800000 | AJ28: 800000 | AK28: =SUM(F28:AJ28) -> 24800000 | AL28: =IFERROR(AK29/AK28,"") -> 0.86346774
E29: Fakt | F29: =F25-F27 -> 620000 | G29: =G25-G27 -> 660000 | H29: =H25-H27 -> 660000 | I29: =I25-I27 -> 670000 | J29: =J25-J27 -> 800000 | K29: =K25-K27 -> 705000 | L29: =L25-L27 -> 750000 | M29: =M25-M27 -> 755000 | ... AJ29: =AJ25-AJ27 -> 725000 | AK29: =SUM(F29:AJ29) -> 21414000
AM30: 0.01

Sheet Copy of Choraklik metrika
B2: Choraklik metrika | F2: Yil 1 | J2: Yil 2 | N2: Yil 3
D3: Metrika (ko'rsatkichlar) | F3: Chorak 1 | G3: Chorak 2 | H3: Chorak 3 | I3: Chorak 4 | J3: Chorak 5 | K3: Chorak 6 | L3: Chorak 7 | M3: Chorak 8 | N3: Chorak 9 | O3: Chorak 10 | P3: Chorak 11 | Q3: Chorak 12 | R3: Umumiy | S3: % bajarilish
B4: Marketing | C4: 1 | D4: Ko'rgan odamlar soni | E4: Reja | R4: =SUM(F4:Q4) -> 0 | S4: =IFERROR(R5/R4,"")
E5: Fakt | R5: =SUM(F5:Q5) -> 0
C6: 2 | D6: Qiziqqan odamlar soni | E6: Reja | R6: =SUM(F6:Q6) -> 0 | S6: =IFERROR(R7/R6,"")
E7: Fakt | R7: =SUM(F7:Q7) -> 0
C8: 3 | D8: Tushurilgan yangi lidlar soni | E8: Reja | R8: =SUM(F8:Q8) -> 0 | S8: =IFERROR(R9/R8,"")
E9: Fakt | R9: =SUM(F9:Q9) -> 0
B10: Sotuv | C10: 1 | D10: Qilingan yangi qo'ng'iroqlar soni | E10: Reja | R10: =SUM(F10:Q10) -> 0 | S10: =IFERROR(R11/R10,"")
E11: Fakt | R11: =SUM(F11:Q11) -> 0
C12: 2 | D12: Probniyga yangi kelganlar soni | E12: Reja | R12: =SUM(F12:Q12) -> 0 | S12: =IFERROR(R13/R12,"")
E13: Fakt | R13: =SUM(F13:Q13) -> 0
C14: 3 | D14: Qilingan yangi to'lovlar soni | E14: Reja | R14: =SUM(F14:Q14) -> 0 | S14: =IFERROR(R15/R14,"")
E15: Fakt | R15: =SUM(F15:Q15) -> 0
B16: Product | C16: 1 | D16: Konsultatsiya olgan mijozlar soni | E16: Reja | R16: =SUM(F16:Q16) -> 0 | S16: =IFERROR(R17/R16,"")
E17: Fakt | R17: =SUM(F17:Q17) -> 0
C18: 2 | D18: Sinov darsga kelgan o'quvchilar soni | E18: Reja | R18: =SUM(F18:Q18) -> 0 | S18: =IFERROR(R19/R18,"")
E19: Fakt | R19: =SUM(F19:Q19) -> 0
C20: 3 | D20: O'qiyotgan o'quvchilar soni | E20: Reja | R20: =SUM(F20:Q20) -> 0 | S20: =IFERROR(R21/R20,"")
E21: Fakt | R21: =SUM(F21:Q21) -> 0
C22: 4 | D22: Sarafan orqali kelgan mijozlar soni | E22: Reja | R22: =SUM(F22:Q22) -> 0 | S22: =IFERROR(R23/R22,"")
E23: Fakt
B24: Moliya | C24: 1 | D24: Daromadlar | E24: Reja | S24: =IFERROR(R25/R24,"")
E25: Fakt
C26: 2 | D26: Xarajatlar | E26: Reja | S26: =IFERROR(R26/R27,"")
E27: Fakt
C28: 3 | D28: Foyda tushumi | E28: Reja | S28: =IFERROR(R29/R28,"")
E29: Fakt
T30: 0.01

Sheet Copy of Oylik metrika
B2: Oylik metrika | F2: Chorak 1 | I2: Chorak 2 | L2: Chorak 3 | O2: Chorak 4
D3: Metrika (ko'rsatkichlar) | F3: Oy 1 | G3: Oy 2 | H3: Oy 3 | I3: Oy 4 | J3: Oy 5 | K3: Oy 6 | L3: Oy 7 | M3: Oy 8 | N3: Oy 9 | O3: Oy 10 | P3: Oy 11 | Q3: Oy 12 | R3: Umumiy | S3: % bajarilish
B4: Marketing | C4: 1 | D4: Ko'rgan odamlar soni | E4: Reja | R4: =SUM(F4:Q4) -> 0 | S4: =IFERROR(R5/R4,"")
E5: Fakt | R5: =SUM(F5:Q5) -> 0
C6: 2 | D6: Qiziqqan odamlar soni | E6: Reja | R6: =SUM(F6:Q6) -> 0 | S6: =IFERROR(R7/R6,"")
E7: Fakt | R7: =SUM(F7:Q7) -> 0
C8: 3 | D8: Tushurilgan yangi lidlar soni | E8: Reja | R8: =SUM(F8:Q8) -> 0 | S8: =IFERROR(R9/R8,"")
E9: Fakt | R9: =SUM(F9:Q9) -> 0
B10: Sotuv | C10: 1 | D10: Qilingan yangi qo'ng'iroqlar soni | E10: Reja | R10: =SUM(F10:Q10) -> 0 | S10: =IFERROR(R11/R10,"")
E11: Fakt | R11: =SUM(F11:Q11) -> 0
C12: 2 | D12: Probniyga yangi kelganlar soni | E12: Reja | R12: =SUM(F12:Q12) -> 0 | S12: =IFERROR(R13/R12,"")
E13: Fakt | R13: =SUM(F13:Q13) -> 0
C14: 3 | D14: Qilingan yangi to'lovlar soni | E14: Reja | R14: =SUM(F14:Q14) -> 0 | S14: =IFERROR(R15/R14,"")
E15: Fakt | R15: =SUM(F15:Q15) -> 0
B16: Product | C16: 1 | D16: Konsultatsiya olgan mijozlar soni | E16: Reja | R16: =SUM(F16:Q16) -> 0 | S16: =IFERROR(R17/R16,"")
E17: Fakt | R17: =SUM(F17:Q17) -> 0
C18: 2 | D18: Sinov darsga kelgan o'quvchilar soni | E18: Reja | R18: =SUM(F18:Q18) -> 0 | S18: =IFERROR(R19/R18,"")
E19: Fakt | R19: =SUM(F19:Q19) -> 0
C20: 3 | D20: O'qiyotgan o'quvchilar soni | E20: Reja | R20: =SUM(F20:Q20) -> 0 | S20: =IFERROR(R21/R20,"")
E21: Fakt | R21: =SUM(F21:Q21) -> 0
C22: 4 | D22: Sarafan orqali kelgan mijozlar soni | E22: Reja | R22: =SUM(F22:Q22) -> 0 | S22: =IFERROR(R23/R22,"")
E23: Fakt | R23: =SUM(F23:Q23) -> 0
B24: Moliya | C24: 1 | D24: Daromadlar | E24: Reja | R24: =SUM(F24:Q24) -> 0 | S24: =IFERROR(R25/R24,"")
E25: Fakt | R25: =SUM(F25:Q25) -> 0
C26: 2 | D26: Xarajatlar | E26: Reja | R26: =SUM(F26:Q26) -> 0 | S26: =IFERROR(R26/R27,"")
E27: Fakt | R27: =SUM(F27:Q27) -> 0
C28: 3 | D28: Foyda tushumi | E28: Reja | R28: =SUM(F28:Q28) -> 0 | S28: =IFERROR(R29/R28,"")
E29: Fakt | R29: =SUM(F29:Q29) -> 0
T30: 0.01

Sheet Copy of Haftalik metrika
B2: Haftalik metrika | F2: Oy 1 | J2: Oy 2 | N2: Oy 3 | R2: Oy 4 | V2: Oy 5 | Z2: Oy 6
D3: Metrika (ko'rsatkichlar) | F3: Hafta 1 | G3: Hafta 2 | H3: Hafta 3 | I3: Hafta 4 | J3: Hafta 5 | K3: Hafta 6 | L3: Hafta 7 | M3: Hafta 8 | N3: Hafta 9 | O3: Hafta 10 | P3: Hafta 11 | Q3: Hafta 12 | R3: Hafta 13 | S3: Hafta 14 | T3: Hafta 15 | U3: Hafta 16 | V3: Hafta 17 | W3: Hafta 18 | X3: Hafta 19 | Y3: Hafta 20 | Z3: Hafta 21 | AA3: Hafta 22 | AB3: Hafta 23 | AC3: Hafta 24 | AD3: Umumiy | AE3: % bajarilish
B4: Marketing | C4: 1 | D4: Ko'rgan odamlar soni | E4: Reja | AD4: =SUM(F4:AC4) -> 0 | AE4: =IFERROR(AD5/AD4,"")
E5: Fakt | AD5: =SUM(F5:AC5) -> 0
C6: 2 | D6: Qiziqqan odamlar soni | E6: Reja | AD6: =SUM(F6:AC6) -> 0 | AE6: =IFERROR(AD7/AD6,"")
E7: Fakt | AD7: =SUM(F7:AC7) -> 0
C8: 3 | D8: Tushurilgan yangi lidlar soni | E8: Reja | AD8: =SUM(F8:AC8) -> 0 | AE8: =IFERROR(AD9/AD8,"")
E9: Fakt | AD9: =SUM(F9:AC9) -> 0
B10: Sotuv | C10: 1 | D10: Qilingan yangi qo'ng'iroqlar soni | E10: Reja | AD10: =SUM(F10:AC10) -> 0 | AE10: =IFERROR(AD11/AD10,"")
E11: Fakt | AD11: =SUM(F11:AC11) -> 0
C12: 2 | D12: Probniyga yangi kelganlar soni | E12: Reja | AD12: =SUM(F12:AC12) -> 0 | AE12: =IFERROR(AD13/AD12,"")
E13: Fakt | AD13: =SUM(F13:AC13) -> 0
C14: 3 | D14: Qilingan yangi to'lovlar soni | E14: Reja | AD14: =SUM(F14:AC14) -> 0 | AE14: =IFERROR(AD15/AD14,"")
E15: Fakt | AD15: =SUM(F15:AC15) -> 0
B16: Product | C16: 1 | D16: Konsultatsiya olgan mijozlar soni | E16: Reja | AD16: =SUM(F16:AC16) -> 0 | AE16: =IFERROR(AD17/AD16,"")
E17: Fakt | AD17: =SUM(F17:AC17) -> 0
C18: 2 | D18: Sinov darsga kelgan o'quvchilar soni | E18: Reja | AD18: =SUM(F18:AC18) -> 0 | AE18: =IFERROR(AD19/AD18,"")
E19: Fakt | AD19: =SUM(F19:AC19) -> 0
C20: 3 | D20: O'qiyotgan o'quvchilar soni | E20: Reja | AD20: =SUM(F20:AC20) -> 0 | AE20: =IFERROR(AD21/AD20,"")
E21: Fakt | AD21: =SUM(F21:AC21) -> 0
C22: 4 | D22: Sarafan orqali kelgan mijozlar soni | E22: Reja | AD22: =SUM(F22:AC22) -> 0 | AE22: =IFERROR(AD23/AD22,"")
E23: Fakt | AD23: =SUM(F23:AC23) -> 0
B24: Moliya | C24: 1 | D24: Daromadlar | E24: Reja | AD24: =SUM(F24:AC24) -> 0 | AE24: =IFERROR(AD25/AD24,"")
E25: Fakt | AD25: =SUM(F25:AC25) -> 0
C26: 2 | D26: Xarajatlar | E26: Reja | AD26: =SUM(F26:AC26) -> 0 | AE26: =IFERROR(AD26/AD27,"")
E27: Fakt | AD27: =SUM(F27:AC27) -> 0
C28: 3 | D28: Foyda tushumi | E28: Reja | AD28: =SUM(F28:AC28) -> 0 | AE28: =IFERROR(AD29/AD28,"")
E29: Fakt | AD29: =SUM(F29:AC29) -> 0
AF30: 0.01

Sheet Copy of Kunlik metrika
B2: Kunlik metrika | F2: Hafta 1 | M2: Hafta 2 | T2: Hafta 3 | AA2: Hafta 4 | AH2: Hafta 5
D3: Metrika (ko'rsatkichlar) | F3: 44228 | G3: =F3+1 -> 44229 | H3: =G3+1 -> 44230 | I3: =H3+1 -> 44231 | J3: =I3+1 -> 44232 | K3: =J3+1 -> 44233 | L3: =K3+1 -> 44234 | M3: =L3+1 -> 44235 | N3: =M3+1 -> 44236 | ... AJ3: =AI3+1 -> 44258 | AK3: Umumiy | AL3: % bajarilish
B4: Marketing | C4: 1 | D4: Ko'rgan odamlar soni | E4: Reja | AK4: =SUM(F4:AJ4) -> 0 | AL4: =IFERROR(AK5/AK4,"")
E5: Fakt | AK5: =SUM(F5:AJ5) -> 0
C6: 2 | D6: Qiziqqan odamlar soni | E6: Reja | AK6: =SUM(F6:AJ6) -> 0 | AL6: =IFERROR(AK7/AK6,"")
E7: Fakt | AK7: =SUM(F7:AJ7) -> 0
C8: 3 | D8: Tushurilgan yangi lidlar soni | E8: Reja | AK8: =SUM(F8:AJ8) -> 0 | AL8: =IFERROR(AK9/AK8,"")
E9: Fakt | AK9: =SUM(F9:AJ9) -> 0
B10: Sotuv | C10: 1 | D10: Qilingan yangi qo'ng'iroqlar soni | E10: Reja | AK10: =SUM(F10:AJ10) -> 0 | AL10: =IFERROR(AK11/AK10,"")
E11: Fakt | AK11: =SUM(F11:AJ11) -> 0
C12: 2 | D12: Probniyga yangi kelganlar soni | E12: Reja | AK12: =SUM(F12:AJ12) -> 0 | AL12: =IFERROR(AK13/AK12,"")
E13: Fakt | AK13: =SUM(F13:AJ13) -> 0
C14: 3 | D14: Qilingan yangi to'lovlar soni | E14: Reja | AK14: =SUM(F14:AJ14) -> 0 | AL14: =IFERROR(AK15/AK14,"")
E15: Fakt | AK15: =SUM(F15:AJ15) -> 0
B16: Product | C16: 1 | D16: Konsultatsiya olgan mijozlar soni | E16: Reja | AK16: =SUM(F16:AJ16) -> 0 | AL16: =IFERROR(AK17/AK16,"")
E17: Fakt | AK17: =SUM(F17:AJ17) -> 0
C18: 2 | D18: Sinov darsga kelgan o'quvchilar soni | E18: Reja | AK18: =SUM(F18:AJ18) -> 0 | AL18: =IFERROR(AK19/AK18,"")
E19: Fakt | AK19: =SUM(F19:AJ19) -> 0
C20: 3 | D20: O'qiyotgan o'quvchilar soni | E20: Reja | AK20: =SUM(F20:AJ20) -> 0 | AL20: =IFERROR(AK21/AK20,"")
E21: Fakt | AK21: =SUM(F21:AJ21) -> 0
C22: 4 | D22: Sarafan orqali kelgan mijozlar soni | E22: Reja | AK22: =SUM(F22:AJ22) -> 0 | AL22: =IFERROR(AK23/AK22,"")
E23: Fakt | AK23: =SUM(F23:AJ23) -> 0
B24: Moliya | C24: 1 | D24: Daromadlar | E24: Reja | AK24: =SUM(F24:AJ24) -> 0 | AL24: =IFERROR(AK25/AK24,"")
E25: Fakt | AK25: =SUM(F25:AJ25) -> 0
C26: 2 | D26: Xarajatlar | E26: Reja | AK26: =SUM(F26:AJ26) -> 0 | AL26: =IFERROR(AK26/AK27,"")
E27: Fakt | AK27: =SUM(F27:AJ27) -> 0
C28: 3 | D28: Foyda tushumi | E28: Reja | AK28: =SUM(F28:AJ28) -> 0 | AL28: =IFERROR(AK29/AK28,"")
E29: Fakt | AK29: =SUM(F29:AJ29) -> 0
AM30: 0.01

Sheet Menu
A1: 3 yillik
A2: Yillik 1
A3: Yillik 2
A4: Yillik 3
A5: Yarim yillik 1
A6: Yarim yillik 2
A7: Yarim yillik 3
A8: Yarim yillik 4
A9: Yarim yillik 5
A10: Yarim yillik 6
A11: Chorak 1
A12: Chorak 2
... A58: Oy 36
